frequency_hz,two_ray_los_db,two_ray_with_reflector_db,room_metal_db,room_concrete_db,room_foam_board_db
4000000000.0,-54.48898304844263,-49.963350910495386,-57.63866869121094,-60.3195161707065,-59.946239156087984
4002000000.0,-54.49332490788723,-49.917011164384874,-57.63866869121094,-60.3195161707065,-59.946239156087984
4004000000.0,-54.49766459802899,-49.87528549259576,-57.63866869121094,-60.3195161707065,-59.946239156087984
4006000000.0,-54.50200212103452,-49.83812741495185,-57.63866869121094,-60.3195161707065,-59.946239156087984
4008000000.0,-54.506337479067156,-49.80549544232035,-57.63866869121094,-60.3195161707065,-59.946239156087984
4010000000.0,-54.51067067428702,-49.77735291436363,-57.63866869121094,-60.3195161707065,-59.946239156087984
4012000000.0,-54.51500170885098,-49.75366785774857,-57.63866869121094,-60.3195161707065,-59.946239156087984
4014000000.0,-54.51933058491271,-49.73441286369268,-57.63866869121094,-60.3195161707065,-59.946239156087984
4016000000.0,-54.52365730462263,-49.71956498389099,-57.63866869121094,-60.3195161707065,-59.946239156087984
4018000000.0,-54.527981870127974,-49.70910564401954,-57.63866869121094,-60.3195161707065,-59.946239156087984
4020000000.0,-54.532304283572785,-49.703020574152646,-57.63866869121094,-60.3195161707065,-59.946239156087984
4022000000.0,-54.53662454709783,-49.70129975556445,-57.63866869121094,-60.3195161707065,-59.946239156087984
4024000000.0,-54.5409426628408,-49.70393738351231,-57.63866869121094,-60.3195161707065,-59.946239156087984
4026000000.0,-54.54525863293608,-49.71093184572211,-57.63866869121094,-60.3195161707065,-59.946239156087984
4028000000.0,-54.54957245951498,-49.722285716413445,-57.63866869121094,-60.3195161707065,-59.946239156087984
4030000000.0,-54.55388414470556,-49.73800576582047,-57.63866869121094,-60.3195161707065,-59.946239156087984
4032000000.0,-54.55819369063275,-49.758102985279166,-57.63866869121094,-60.3195161707065,-59.946239156087984
4034000000.0,-54.562501099418306,-49.78259262807004,-57.63866869121094,-60.3195161707065,-59.946239156087984
4036000000.0,-54.56680637318083,-49.811494266323876,-57.63866869121094,-60.3195161707065,-59.946239156087984
4038000000.0,-54.57110951403578,-49.84483186442142,-57.63866869121094,-60.3195161707065,-59.946239156087984
4040000000.0,-54.57541052409547,-49.88263386944603,-57.63866869121094,-60.3195161707065,-59.946239156087984
4042000000.0,-54.579709405469075,-49.92493331938463,-57.63866869121094,-60.3195161707065,-59.946239156087984
4044000000.0,-54.58400616026264,-49.97176796991391,-57.63866869121094,-60.3195161707065,-59.946239156087984
4046000000.0,-54.58830079057908,-50.02318044076456,-57.63866869121094,-60.3195161707065,-59.946239156087984
4048000000.0,-54.592593298518224,-50.07921838282356,-57.63866869121094,-60.3195161707065,-59.946239156087984
4050000000.0,-54.59688368617675,-50.13993466731317,-57.63866869121094,-60.3195161707065,-59.946239156087984
4052000000.0,-54.60117195564823,-50.20538759858658,-57.63866869121094,-60.3195161707065,-59.946239156087984
4054000000.0,-54.605458109023175,-50.27564115229835,-57.63866869121094,-60.3195161707065,-59.946239156087984
4056000000.0,-54.60974214838896,-50.35076524094731,-57.63866869121094,-60.3195161707065,-59.946239156087984
4058000000.0,-54.61402407582992,-50.43083600906143,-57.63866869121094,-60.3195161707065,-59.946239156087984
4060000000.0,-54.61830389342726,-50.51593616059074,-57.63866869121094,-60.3195161707065,-59.946239156087984
4062000000.0,-54.622581603259135,-50.60615532140879,-57.63866869121094,-60.3195161707065,-59.946239156087984
4064000000.0,-54.626857207400626,-50.70159044019934,-57.63866869121094,-60.3195161707065,-59.946239156087984
4066000000.0,-54.631130707923774,-50.802346231423726,-57.63866869121094,-60.3195161707065,-59.946239156087984
4068000000.0,-54.63540210689751,-50.90853566453704,-57.63866869121094,-60.3195161707065,-59.946239156087984
4070000000.0,-54.63967140638778,-51.02028050415357,-57.63866869121094,-60.3195161707065,-59.946239156087984
4072000000.0,-54.643938608457425,-51.137711906465526,-57.63866869121094,-60.3195161707065,-59.946239156087984
4074000000.0,-54.648203715166275,-51.2609710778877,-57.63866869121094,-60.3195161707065,-59.946239156087984
4076000000.0,-54.65246672857114,-51.39021000267202,-57.63866869121094,-60.3195161707065,-59.946239156087984
4078000000.0,-54.6567276507258,-51.52559224708937,-57.63866869121094,-60.3195161707065,-59.946239156087984
4080000000.0,-54.66098648368097,-51.66729384874798,-57.63866869121094,-60.3195161707065,-59.946239156087984
4082000000.0,-54.66524322948441,-51.815504300701605,-57.63866869121094,-60.3195161707065,-59.946239156087984
4084000000.0,-54.66949789018082,-51.97042764121611,-57.63866869121094,-60.3195161707065,-59.946239156087984
4086000000.0,-54.673750467811956,-52.13228366142563,-57.63866869121094,-60.3195161707065,-59.946239156087984
4088000000.0,-54.6780009644165,-52.30130924460057,-57.63866869121094,-60.3195161707065,-59.946239156087984
4090000000.0,-54.682249382030214,-52.4777598524069,-57.63866869121094,-60.3195161707065,-59.946239156087984
4092000000.0,-54.68649572268582,-52.66191117531327,-57.63866869121094,-60.3195161707065,-59.946239156087984
4094000000.0,-54.69073998841311,-52.85406096619617,-57.63866869121094,-60.3195161707065,-59.946239156087984
4096000000.0,-54.694982181238856,-53.054531078154085,-57.63866869121094,-60.3195161707065,-59.946239156087984
4098000000.0,-54.6992223031869,-53.26366972946164,-57.63866869121094,-60.3195161707065,-59.946239156087984
4100000000.0,-54.703460356278086,-53.481854020342766,-57.63866869121094,-60.3195161707065,-59.946239156087984
4102000000.0,-54.70769634253032,-53.70949272756745,-57.63866869121094,-60.3195161707065,-59.946239156087984
4104000000.0,-54.71193026395858,-53.947029403406745,-57.63866869121094,-60.3195161707065,-59.946239156087984
4106000000.0,-54.716162122574836,-54.19494580458527,-57.63866869121094,-60.3195161707065,-59.946239156087984
4108000000.0,-54.72039192038818,-54.45376567368365,-57.63866869121094,-60.3195161707065,-59.946239156087984
4110000000.0,-54.72461965940476,-54.72405888849056,-57.63866869121094,-60.3195161707065,-59.946239156087984
4112000000.0,-54.72884534162776,-55.006445981916315,-57.63866869121094,-60.3195161707065,-59.946239156087984
4114000000.0,-54.73306896905748,-55.30160301293334,-57.63866869121094,-60.3195161707065,-59.946239156087984
4116000000.0,-54.73729054369129,-55.61026673239584,-57.63866869121094,-60.3195161707065,-59.946239156087984
4118000000.0,-54.74151006752362,-55.93323992859784,-57.63866869121094,-60.3195161707065,-59.946239156087984
4120000000.0,-54.745727542546064,-56.27139674376029,-57.63866869121094,-60.3195161707065,-59.946239156087984
4122000000.0,-54.749942970747256,-56.62568760517636,-57.63866869121094,-60.3195161707065,-59.946239156087984
4124000000.0,-54.75415635411295,-56.99714318376852,-57.63866869121094,-60.3195161707065,-59.946239156087984
4126000000.0,-54.75836769462603,-57.38687643175215,-57.63866869121094,-60.3195161707065,-59.946239156087984
4128000000.0,-54.762576994266475,-57.796081186901404,-57.63866869121094,-60.3195161707065,-59.946239156087984
4130000000.0,-54.7667842550114,-58.226024948616306,-57.63866869121094,-60.3195161707065,-59.946239156087984
4132000000.0,-54.770989478835034,-58.6780320501815,-57.63866869121094,-60.3195161707065,-59.946239156087984
4134000000.0,-54.775192667708765,-59.15345128999644,-57.63866869121094,-60.3195161707065,-59.946239156087984
4136000000.0,-54.7793938236011,-59.6535987066844,-57.63866869121094,-60.3195161707065,-59.946239156087984
4138000000.0,-54.78359294847769,-60.17966093331789,-57.63866869121094,-60.3195161707065,-59.946239156087984
4140000000.0,-54.78779004430136,-60.73253650748462,-57.63866869121094,-60.3195161707065,-59.946239156087984
4142000000.0,-54.791985113032055,-61.31258044432626,-57.63866869121094,-60.3195161707065,-59.946239156087984
4144000000.0,-54.79617815662691,-61.9192001517439,-57.63866869121094,-60.3195161707065,-59.946239156087984
4146000000.0,-54.80036917704021,-62.550228501498175,-57.63866869121094,-60.3195161707065,-59.946239156087984
4148000000.0,-54.80455817622344,-63.20097744417317,-57.63866869121094,-60.3195161707065,-59.946239156087984
4150000000.0,-54.80874515612523,-63.86287106608713,-57.63866869121094,-60.3195161707065,-59.946239156087984
4152000000.0,-54.812930118691405,-64.52161859204962,-57.63866869121094,-60.3195161707065,-59.946239156087984
4154000000.0,-54.81711306586498,-65.15511603076136,-57.63866869121094,-60.3195161707065,-59.946239156087984
4156000000.0,-54.82129399958617,-65.73180430886372,-57.63866869121094,-60.3195161707065,-59.946239156087984
4158000000.0,-54.82547292179238,-66.21109105621446,-57.63866869121094,-60.3195161707065,-59.946239156087984
4160000000.0,-54.829649834418234,-66.54811019131475,-57.63866869121094,-60.3195161707065,-59.946239156087984
4162000000.0,-54.83382473939553,-66.70399138049629,-57.63866869121094,-60.3195161707065,-59.946239156087984
4164000000.0,-54.83799763865335,-66.65867862862939,-57.63866869121094,-60.3195161707065,-59.946239156087984
4166000000.0,-54.84216853411792,-66.41888541826704,-57.63866869121094,-60.3195161707065,-59.946239156087984
4168000000.0,-54.84633742771273,-66.01533304525282,-57.63866869121094,-60.3195161707065,-59.946239156087984
4170000000.0,-54.85050432135853,-65.49139337526552,-57.63866869121094,-60.3195161707065,-59.946239156087984
4172000000.0,-54.854669216973235,-64.89079732889128,-57.63866869121094,-60.3195161707065,-59.946239156087984
4174000000.0,-54.85883211647207,-64.25000553957716,-57.63866869121094,-60.3195161707065,-59.946239156087984
4176000000.0,-54.862993021767494,-63.59584341315596,-57.63866869121094,-60.3195161707065,-59.946239156087984
4178000000.0,-54.867151934769176,-62.94634655996026,-57.63866869121094,-60.3195161707065,-59.946239156087984
4180000000.0,-54.87130885738408,-62.31276559071688,-57.63866869121094,-60.3195161707065,-59.946239156087984
4182000000.0,-54.87546379151644,-61.70158076560752,-57.63866869121094,-60.3195161707065,-59.946239156087984
4184000000.0,-54.879616739067735,-61.11610863881761,-57.63866869121094,-60.3195161707065,-59.946239156087984
4186000000.0,-54.88376770193673,-60.557652806678334,-57.63866869121094,-60.3195161707065,-59.946239156087984
4188000000.0,-54.88791668201947,-60.02628142300814,-57.63866869121094,-60.3195161707065,-59.946239156087984
4190000000.0,-54.89206368120928,-59.52133469913818,-57.63866869121094,-60.3195161707065,-59.946239156087984
4192000000.0,-54.89620870139678,-59.04174872798234,-57.63866869121094,-60.3195161707065,-59.946239156087984
4194000000.0,-54.90035174446987,-58.58625846404727,-57.63866869121094,-60.3195161707065,-59.946239156087984
4196000000.0,-54.90449281231378,-58.1535226902093,-57.63866869121094,-60.3195161707065,-59.946239156087984
4198000000.0,-54.908631906811,-57.742199197998126,-57.63866869121094,-60.3195161707065,-59.946239156087984
4200000000.0,-54.912769029841385,-57.350988454392336,-57.63866869121094,-60.3195161707065,-59.946239156087984
4202000000.0,-54.91690418328205,-56.97865747496696,-57.63866869121094,-60.3195161707065,-59.946239156087984
4204000000.0,-54.921037369007465,-56.62405138455503,-57.63866869121094,-60.3195161707065,-59.946239156087984
4206000000.0,-54.92516858888941,-56.28609742824297,-57.63866869121094,-60.3195161707065,-59.946239156087984
4208000000.0,-54.92929784479703,-55.96380445801423,-57.63866869121094,-60.3195161707065,-59.946239156087984
4210000000.0,-54.93342513859674,-55.65625981052062,-57.63866869121094,-60.3195161707065,-59.946239156087984
4212000000.0,-54.93755047215235,-55.362624782043014,-57.63866869121094,-60.3195161707065,-59.946239156087984
4214000000.0,-54.941673847325,-55.08212945284786,-57.63866869121094,-60.3195161707065,-59.946239156087984
4216000000.0,-54.945795265973175,-54.814067322696005,-57.63866869121094,-60.3195161707065,-59.946239156087984
4218000000.0,-54.94991472995273,-54.557790033620776,-57.63866869121094,-60.3195161707065,-59.946239156087984
4220000000.0,-54.95403224111685,-54.31270233777501,-57.63866869121094,-60.3195161707065,-59.946239156087984
4222000000.0,-54.95814780131613,-54.078257393279124,-57.63866869121094,-60.3195161707065,-59.946239156087984
4224000000.0,-54.96226141239849,-53.853952424154244,-57.63866869121094,-60.3195161707065,-59.946239156087984
4226000000.0,-54.966373076209265,-53.63932475163875,-57.63866869121094,-60.3195161707065,-59.946239156087984
4228000000.0,-54.97048279459115,-53.43394818707564,-57.63866869121094,-60.3195161707065,-59.946239156087984
4230000000.0,-54.97459056938422,-53.2374297669042,-57.63866869121094,-60.3195161707065,-59.946239156087984
4232000000.0,-54.97869640242597,-53.049406805376094,-57.63866869121094,-60.3195161707065,-59.946239156087984
4234000000.0,-54.98280029555124,-52.86954423870195,-57.63866869121094,-60.3195161707065,-59.946239156087984
4236000000.0,-54.98690225059232,-52.6975322342172,-57.63866869121094,-60.3195161707065,-59.946239156087984
4238000000.0,-54.991002269378896,-52.533084039137876,-57.63866869121094,-60.3195161707065,-59.946239156087984
4240000000.0,-54.995100353738025,-52.37593404504508,-57.63866869121094,-60.3195161707065,-59.946239156087984
4242000000.0,-54.99919650549423,-52.22583604608762,-57.63866869121094,-60.3195161707065,-59.946239156087984
4244000000.0,-55.00329072646943,-52.082561670857814,-57.63866869121094,-60.3195161707065,-59.946239156087984
4246000000.0,-55.007383018482976,-51.94589896981765,-57.63866869121094,-60.3195161707065,-59.946239156087984
4248000000.0,-55.01147338335162,-51.81565114200501,-57.63866869121094,-60.3195161707065,-59.946239156087984
4250000000.0,-55.01556182288961,-51.69163538646604,-57.63866869121094,-60.3195161707065,-59.946239156087984
4252000000.0,-55.01964833890855,-51.57368186543549,-57.63866869121094,-60.3195161707065,-59.946239156087984
4254000000.0,-55.02373293321757,-51.46163276771654,-57.63866869121094,-60.3195161707065,-59.946239156087984
4256000000.0,-55.02781560762321,-51.35534146200033,-57.63866869121094,-60.3195161707065,-59.946239156087984
4258000000.0,-55.03189636392945,-51.254671731017694,-57.63866869121094,-60.3195161707065,-59.946239156087984
4260000000.0,-55.03597520393775,-51.159497078438385,-57.63866869121094,-60.3195161707065,-59.946239156087984
4262000000.0,-55.04005212944704,-51.0697001013537,-57.63866869121094,-60.3195161707065,-59.946239156087984
4264000000.0,-55.044127142253686,-50.98517192198262,-57.63866869121094,-60.3195161707065,-59.946239156087984
4266000000.0,-55.04820024415157,-50.905811672964916,-57.63866869121094,-60.3195161707065,-59.946239156087984
4268000000.0,-55.05227143693202,-50.831526031243314,-57.63866869121094,-60.3195161707065,-59.946239156087984
4270000000.0,-55.05634072238385,-50.76222879609871,-57.63866869121094,-60.3195161707065,-59.946239156087984
4272000000.0,-55.06040810229337,-50.69784050740871,-57.63866869121094,-60.3195161707065,-59.946239156087984
4274000000.0,-55.06447357844438,-50.63828810064487,-57.63866869121094,-60.3195161707065,-59.946239156087984
4276000000.0,-55.068537152618184,-50.583504595520374,-57.63866869121094,-60.3195161707065,-59.946239156087984
4278000000.0,-55.072598826593556,-50.533428815554615,-57.63866869121094,-60.3195161707065,-59.946239156087984
4280000000.0,-55.07665860214681,-50.48800513613802,-57.63866869121094,-60.3195161707065,-59.946239156087984
4282000000.0,-55.080716481051766,-50.44718325896427,-57.63866869121094,-60.3195161707065,-59.946239156087984
4284000000.0,-55.08477246507973,-50.41091801095041,-57.63866869121094,-60.3195161707065,-59.946239156087984
4286000000.0,-55.088826555999574,-50.379169165997055,-57.63866869121094,-60.3195161707065,-59.946239156087984
4288000000.0,-55.092878755577644,-50.35190128814952,-57.63866869121094,-60.3195161707065,-59.946239156087984
4290000000.0,-55.096929065577854,-50.329083594908354,-57.63866869121094,-60.3195161707065,-59.946239156087984
4292000000.0,-55.10097748776165,-50.310689839614895,-57.63866869121094,-60.3195161707065,-59.946239156087984
4294000000.0,-55.105024023887964,-50.29669821199457,-57.63866869121094,-60.3195161707065,-59.946239156087984
4296000000.0,-55.10906867571336,-50.28709125609205,-57.63866869121094,-60.3195161707065,-59.946239156087984
4298000000.0,-55.11311144499186,-50.28185580497011,-57.63866869121094,-60.3195161707065,-59.946239156087984
4300000000.0,-55.117152333475104,-50.28098293167659,-57.63866869121094,-60.3195161707065,-59.946239156087984
4302000000.0,-55.12119134291225,-50.28446791610867,-57.63866869121094,-60.3195161707065,-59.946239156087984
4304000000.0,-55.12522847505003,-50.29231022752548,-57.63866869121094,-60.3195161707065,-59.946239156087984
4306000000.0,-55.12926373163274,-50.30451352257777,-57.63866869121094,-60.3195161707065,-59.946239156087984
4308000000.0,-55.133297114402254,-50.32108565883958,-57.63866869121094,-60.3195161707065,-59.946239156087984
4310000000.0,-55.13732862509801,-50.34203872394377,-57.63866869121094,-60.3195161707065,-59.946239156087984
4312000000.0,-55.141358265457015,-50.36738908054038,-57.63866869121094,-60.3195161707065,-59.946239156087984
4314000000.0,-55.1453860372139,-50.39715742741674,-57.63866869121094,-60.3195161707065,-59.946239156087984
4316000000.0,-55.149411942100826,-50.43136887724316,-57.63866869121094,-60.3195161707065,-59.946239156087984
4318000000.0,-55.15343598184762,-50.47005305153779,-57.63866869121094,-60.3195161707065,-59.946239156087984
4320000000.0,-55.15745815818161,-50.5132441935804,-57.63866869121094,-60.3195161707065,-59.946239156087984
4322000000.0,-55.161478472827824,-50.56098130015342,-57.63866869121094,-60.3195161707065,-59.946239156087984
4324000000.0,-55.165496927508826,-50.6133082731428,-57.63866869121094,-60.3195161707065,-59.946239156087984
4326000000.0,-55.16951352394482,-50.67027409220418,-57.63866869121094,-60.3195161707065,-59.946239156087984
4328000000.0,-55.17352826385363,-50.73193300988392,-57.63866869121094,-60.3195161707065,-59.946239156087984
4330000000.0,-55.17754114895069,-50.79834477078805,-57.63866869121094,-60.3195161707065,-59.946239156087984
4332000000.0,-55.18155218094903,-50.86957485661646,-57.63866869121094,-60.3195161707065,-59.946239156087984
4334000000.0,-55.18556136155936,-50.94569475913027,-57.63866869121094,-60.3195161707065,-59.946239156087984
4336000000.0,-55.189568692489985,-51.026782283391384,-57.63866869121094,-60.3195161707065,-59.946239156087984
4338000000.0,-55.19357417544686,-51.11292188392487,-57.63866869121094,-60.3195161707065,-59.946239156087984
4340000000.0,-55.19757781213358,-51.204205036799934,-57.63866869121094,-60.3195161707065,-59.946239156087984
4342000000.0,-55.20157960425139,-51.30073065100501,-57.63866869121094,-60.3195161707065,-59.946239156087984
4344000000.0,-55.205579553499184,-51.40260552293202,-57.63866869121094,-60.3195161707065,-59.946239156087984
4346000000.0,-55.20957766157349,-51.5099448382701,-57.63866869121094,-60.3195161707065,-59.946239156087984
4348000000.0,-55.21357393016851,-51.62287272615532,-57.63866869121094,-60.3195161707065,-59.946239156087984
4350000000.0,-55.217568360976124,-51.741522871046726,-57.63866869121094,-60.3195161707065,-59.946239156087984
4352000000.0,-55.22156095568584,-51.866039188493,-57.63866869121094,-60.3195161707065,-59.946239156087984
4354000000.0,-55.22555171598489,-51.99657657174163,-57.63866869121094,-60.3195161707065,-59.946239156087984
4356000000.0,-55.22954064355812,-52.13330171702941,-57.63866869121094,-60.3195161707065,-59.946239156087984
4358000000.0,-55.23352774008811,-52.2763940363911,-57.63866869121094,-60.3195161707065,-59.946239156087984
4360000000.0,-55.23751300725509,-52.42604666794041,-57.63866869121094,-60.3195161707065,-59.946239156087984
4362000000.0,-55.241496446736996,-52.58246759482941,-57.63866869121094,-60.3195161707065,-59.946239156087984
4364000000.0,-55.245478060209464,-52.74588088548664,-57.63866869121094,-60.3195161707065,-59.946239156087984
4366000000.0,-55.249457849345774,-52.91652806927367,-57.63866869121094,-60.3195161707065,-59.946239156087984
4368000000.0,-55.253435815816985,-53.09466966338181,-57.63866869121094,-60.3195161707065,-59.946239156087984
4370000000.0,-55.257411961291815,-53.28058686860434,-57.63866869121094,-60.3195161707065,-59.946239156087984
4372000000.0,-55.26138628743667,-53.47458345354117,-57.63866869121094,-60.3195161707065,-59.946239156087984
4374000000.0,-55.26535879591574,-53.676987848745064,-57.63866869121094,-60.3195161707065,-59.946239156087984
4376000000.0,-55.26932948839086,-53.88815547421453,-57.63866869121094,-60.3195161707065,-59.946239156087984
4378000000.0,-55.27329836652164,-54.108471325312635,-57.63866869121094,-60.3195161707065,-59.946239156087984
4380000000.0,-55.27726543196536,-54.338352843339564,-57.63866869121094,-60.3195161707065,-59.946239156087984
4382000000.0,-55.28123068637711,-54.57825309722817,-57.63866869121094,-60.3195161707065,-59.946239156087984
4384000000.0,-55.285194131409625,-54.828664301448995,-57.63866869121094,-60.3195161707065,-59.946239156087984
4386000000.0,-55.28915576871346,-55.090121691203436,-57.63866869121094,-60.3195161707065,-59.946239156087984
4388000000.0,-55.29311559993684,-55.36320776775037,-57.63866869121094,-60.3195161707065,-59.946239156087984
4390000000.0,-55.297073626725805,-55.64855691182541,-57.63866869121094,-60.3195161707065,-59.946239156087984
4392000000.0,-55.30102985072409,-55.94686033778524,-57.63866869121094,-60.3195161707065,-59.946239156087984
4394000000.0,-55.30498427357321,-56.258871319648094,-57.63866869121094,-60.3195161707065,-59.946239156087984
4396000000.0,-55.308936896912435,-56.58541055364209,-57.63866869121094,-60.3195161707065,-59.946239156087984
4398000000.0,-55.312887722378804,-56.92737141648393,-57.63866869121094,-60.3195161707065,-59.946239156087984
4400000000.0,-55.31683675160713,-57.28572471298213,-57.63866869121094,-60.3195161707065,-59.946239156087984
4402000000.0,-55.32078398622996,-57.66152224732828,-57.63866869121094,-60.3195161707065,-59.946239156087984
4404000000.0,-55.32472942787766,-58.05589814726298,-57.63866869121094,-60.3195161707065,-59.946239156087984
4406000000.0,-55.32867307817835,-58.47006623714584,-57.63866869121094,-60.3195161707065,-59.946239156087984
4408000000.0,-55.33261493875795,-58.90531076557585,-57.63866869121094,-60.3195161707065,-59.946239156087984
4410000000.0,-55.33655501124015,-59.36296624299166,-57.63866869121094,-60.3195161707065,-59.946239156087984
4412000000.0,-55.34049329724644,-59.84437971838091,-57.63866869121094,-60.3195161707065,-59.946239156087984
4414000000.0,-55.3444297983961,-60.35084503641349,-57.63866869121094,-60.3195161707065,-59.946239156087984
4416000000.0,-55.34836451630622,-60.88349274353037,-57.63866869121094,-60.3195161707065,-59.946239156087984
4418000000.0,-55.35229745259169,-61.44311034029155,-57.63866869121094,-60.3195161707065,-59.946239156087984
4420000000.0,-55.35622860886521,-62.0298542678762,-57.63866869121094,-60.3195161707065,-59.946239156087984
4422000000.0,-55.36015798673728,-62.64279637461407,-57.63866869121094,-60.3195161707065,-59.946239156087984
4424000000.0,-55.364085587816206,-63.279224508229674,-57.63866869121094,-60.3195161707065,-59.946239156087984
4426000000.0,-55.36801141370816,-63.93359651853537,-57.63866869121094,-60.3195161707065,-59.946239156087984
4428000000.0,-55.37193546601708,-64.5960531921568,-57.63866869121094,-60.3195161707065,-59.946239156087984
4430000000.0,-55.375857746344764,-65.25048815250074,-57.63866869121094,-60.3195161707065,-59.946239156087984
4432000000.0,-55.37977825629084,-65.87246724284884,-57.63866869121094,-60.3195161707065,-59.946239156087984
4434000000.0,-55.38369699745276,-66.42792655190364,-57.63866869121094,-60.3195161707065,-59.946239156087984
4436000000.0,-55.38761397142582,-66.87449359760997,-57.63866869121094,-60.3195161707065,-59.946239156087984
4438000000.0,-55.391529179803165,-67.16767013811095,-57.63866869121094,-60.3195161707065,-59.946239156087984
4440000000.0,-55.39544262417577,-67.27226290512206,-57.63866869121094,-60.3195161707065,-59.946239156087984
4442000000.0,-55.39935430613248,-67.17474326334529,-57.63866869121094,-60.3195161707065,-59.946239156087984
4444000000.0,-55.403264227259974,-66.88873835670557,-57.63866869121094,-60.3195161707065,-59.946239156087984
4446000000.0,-55.407172389142815,-66.44950145808953,-57.63866869121094,-60.3195161707065,-59.946239156087984
4448000000.0,-55.4110787933634,-65.90154160862488,-57.63866869121094,-60.3195161707065,-59.946239156087984
4450000000.0,-55.414983441502,-65.28720798468514,-57.63866869121094,-60.3195161707065,-59.946239156087984
4452000000.0,-55.41888633513679,-64.64052832213856,-57.63866869121094,-60.3195161707065,-59.946239156087984
4454000000.0,-55.42278747584376,-63.98590202219029,-57.63866869121094,-60.3195161707065,-59.946239156087984
4456000000.0,-55.42668686519682,-63.33940793841422,-57.63866869121094,-60.3195161707065,-59.946239156087984
4458000000.0,-55.43058450476775,-62.71088564668122,-57.63866869121094,-60.3195161707065,-59.946239156087984
4460000000.0,-55.43448039612621,-62.105864148363395,-57.63866869121094,-60.3195161707065,-59.946239156087984
4462000000.0,-55.43837454083976,-61.52704716759757,-57.63866869121094,-60.3195161707065,-59.946239156087984
4464000000.0,-55.44226694047382,-60.975357645533634,-57.63866869121094,-60.3195161707065,-59.946239156087984
4466000000.0,-55.44615759659176,-60.450636042054114,-57.63866869121094,-60.3195161707065,-59.946239156087984
4468000000.0,-55.4500465107548,-59.95209311024161,-57.63866869121094,-60.3195161707065,-59.946239156087984
4470000000.0,-55.4539336845221,-59.47859740808983,-57.63866869121094,-60.3195161707065,-59.946239156087984
4472000000.0,-55.45781911945071,-59.02885472129644,-57.63866869121094,-60.3195161707065,-59.946239156087984
4474000000.0,-55.461702817095585,-58.60151794948163,-57.63866869121094,-60.3195161707065,-59.946239156087984
4476000000.0,-55.465584779009625,-58.19525271738519,-57.63866869121094,-60.3195161707065,-59.946239156087984
4478000000.0,-55.469465006743604,-57.808775015307134,-57.63866869121094,-60.3195161707065,-59.946239156087984
4480000000.0,-55.47334350184626,-57.440871309853264,-57.63866869121094,-60.3195161707065,-59.946239156087984
4482000000.0,-55.47722026586422,-57.09040778451814,-57.63866869121094,-60.3195161707065,-59.946239156087984
4484000000.0,-55.48109530034209,-56.75633294744141,-57.63866869121094,-60.3195161707065,-59.946239156087984
4486000000.0,-55.48496860682235,-56.43767629606977,-57.63866869121094,-60.3195161707065,-59.946239156087984
4488000000.0,-55.48884018684547,-56.13354473974283,-57.63866869121094,-60.3195161707065,-59.946239156087984
4490000000.0,-55.49271004194984,-55.84311784911193,-57.63866869121094,-60.3195161707065,-59.946239156087984
4492000000.0,-55.49657817367177,-55.565642596838074,-57.63866869121094,-60.3195161707065,-59.946239156087984
4494000000.0,-55.50044458354557,-55.30042799518702,-57.63866869121094,-60.3195161707065,-59.946239156087984
4496000000.0,-55.50430927310347,-55.04683987080889,-57.63866869121094,-60.3195161707065,-59.946239156087984
4498000000.0,-55.50817224387564,-54.80429591178029,-57.63866869121094,-60.3195161707065,-59.946239156087984
4500000000.0,-55.51203349739025,-54.57226105554264,-57.63866869121094,-60.3195161707065,-59.946239156087984
4502000000.0,-55.5158930351734,-54.3502432449748,-58.205807433484544,-60.74923609461287,-59.9718182939923
4504000000.0,-55.51975085874918,-54.13778955457634,-58.77294617575815,-61.17895601851924,-59.99739743189662
4506000000.0,-55.523606969639616,-53.934482673874285,-59.42127577798555,-61.632232712994735,-60.025702404891376
4508000000.0,-55.52746136936476,-53.73993772694509,-60.15079624016674,-62.10906617803936,-60.05673321297657
4510000000.0,-55.53131405944258,-53.553799402963904,-60.88031670234794,-62.58589964308399,-60.08776402106176
4512000000.0,-55.53516504138909,-53.37573937130963,-61.83862768483168,-63.07389262978595,-60.12371124110806
4514000000.0,-55.53901431671824,-53.20545395499444,-62.79693866731542,-63.56188561648791,-60.159658461154365
4516000000.0,-55.54286188694198,-53.04266203735093,-63.93816810984501,-64.02052842165645,-60.197605398933334
4518000000.0,-55.54670775357025,-52.887103178576915,-65.26231601242046,-64.44982104529159,-60.23755205444497
4520000000.0,-55.55055191811101,-52.738535920633424,-66.58646391499589,-64.87911366892672,-60.277498709956596
4522000000.0,-55.554394382070186,-52.59673626094913,-68.64957141812307,-65.15500327104384,-60.319842269526355
4524000000.0,-55.55823514695173,-52.46149627730178,-70.71267892125027,-65.43089287316096,-60.362185829096106
4526000000.0,-55.56207421425757,-52.33262288806262,-74.19889693529544,-65.59863408751681,-60.404373094622116
4528000000.0,-55.56591158548767,-52.209936733666694,-79.10822546025857,-65.65822691411144,-60.446404066104385
4530000000.0,-55.56974726214001,-52.09327116671999,-84.0175539852217,-65.71781974070605,-60.488435037586655
4532000000.0,-55.573581245710564,-51.982471339537526,-81.94161357299836,-65.58656652595052,-60.52593642502551
4534000000.0,-55.577413537693346,-51.87739337916348,-79.86567316077502,-65.45531331119497,-60.56343781246437
4536000000.0,-55.58124413958038,-51.7779036410428,-77.33829812703021,-65.27036843390827,-60.595736204082215
4538000000.0,-55.585073052861716,-51.683878033506694,-74.35948847176395,-65.03173189409043,-60.622831599879035
4540000000.0,-55.58890027902545,-51.595201406124225,-71.38067881649768,-64.79309535427258,-60.649926995675855
4542000000.0,-55.59272581955771,-51.51176699575784,-69.98202191331272,-64.51919506850295,-60.65946318456359
4544000000.0,-55.596549675942626,-51.43347592485671,-68.58336501012778,-64.24529478273332,-60.66899937345132
4546000000.0,-55.600371849662416,-51.3602367471411,-67.44645451677854,-63.97092499284309,-60.66610876041253
4548000000.0,-55.60419234219732,-51.29196503637991,-66.57129043326503,-63.69608569883225,-60.65079134544721
4550000000.0,-55.60801115502563,-51.22858301445163,-65.69612634975152,-63.4212464048214,-60.635473930481886
4552000000.0,-55.611828289623666,-51.17001921530863,-65.05812677882098,-63.150358320427365,-60.58967278854548
4554000000.0,-55.61564374746585,-51.116208181855065,-64.42012720789043,-62.87947023603333,-60.54387164660907
4556000000.0,-55.619457530024626,-51.067090193087964,-63.833766770043084,-62.60577172979922,-60.48179695711028
4558000000.0,-55.62326963877051,-51.022611019161836,-63.299045465278944,-62.329262801725065,-60.4034487200491
4560000000.0,-55.627080075172074,-50.98272170231172,-62.7643241605148,-62.05275387365091,-60.32510048298792
4562000000.0,-55.63088884069597,-50.94737836181818,-62.25938676956073,-61.75894975804331,-60.21681466995537
4564000000.0,-55.63469593680692,-50.91654202142028,-61.75444937860665,-61.465145642435715,-60.108528856922824
4566000000.0,-55.638501364967695,-50.89017845778947,-61.24799474100556,-61.16000121391349,-59.98876130344014
4568000000.0,-55.6423051266392,-50.86825806885906,-60.74002285675745,-60.84351647247663,-59.85751200950734
4570000000.0,-55.646107223280374,-50.85075576097687,-60.23205097250934,-60.52703173103977,-59.726262715574535
4572000000.0,-55.649907656348255,-50.83765085400333,-59.718962436817954,-60.19205863181399,-59.58183207789045
4574000000.0,-55.65370642729797,-50.82892700362678,-59.205873901126566,-59.85708553258822,-59.43740144020637
4576000000.0,-55.65750353758273,-50.824572140301356,-58.69779498308957,-59.51884131273951,-59.29167194316131
4578000000.0,-55.661298988653854,-50.82457842434522,-58.19472568270699,-59.17732597226786,-59.144643586755265
4580000000.0,-55.66509278196076,-50.82894221686026,-57.691656382324396,-58.83581063179621,-58.997615230349226
4582000000.0,-55.66888491895095,-50.83766406625459,-57.21785370195026,-58.50297528388644,-58.857716625441874
4584000000.0,-55.672675401070045,-50.85074871026656,-56.74405102157612,-58.17013993597667,-58.71781802053452
4586000000.0,-55.67646422976178,-50.86820509350579,-56.29283932166588,-57.84887973951795,-58.585444581406456
4588000000.0,-55.680251406467974,-50.89004640064254,-55.86421860221954,-57.53919469451027,-58.460596308057674
4590000000.0,-55.684036932628594,-50.91629010549552,-55.435597882773195,-57.22950964950259,-58.3357480347089
4592000000.0,-55.68782080968171,-50.94695803638836,-55.06281701107845,-56.95460160103229,-58.231757598495385
4594000000.0,-55.691603039063516,-50.982076458271706,-54.69003613938371,-56.679693552561986,-58.12776716228187
4596000000.0,-55.695383622208325,-51.021676172238806,-54.34830228872757,-56.42637556218266,-58.03610250547184
4598000000.0,-55.69916256054859,-51.06579263320178,-54.037615459110036,-56.19464762989431,-57.956763628065275
4600000000.0,-55.702939855514856,-51.11446608664459,-53.7269286294925,-55.96291969760596,-57.87742475065872
4602000000.0,-55.706715508535865,-51.16774172553085,-53.481718471277865,-55.78006401109101,-57.82479862099593
4604000000.0,-55.710489521038454,-51.225669868614844,-53.23650831306324,-55.59720832457606,-57.77217249133314
4606000000.0,-55.71426189444762,-51.28830616159766,-53.024956283751855,-55.44065784621433,-57.73322917260272
4608000000.0,-55.718032630186485,-51.35571180277726,-52.84706238334371,-55.31041257600583,-57.707968664804675
4610000000.0,-55.721801729676336,-51.42795379507178,-52.669168482935575,-55.180167305797326,-57.68270815700664
4612000000.0,-55.7255691943366,-51.505105226548984,-52.55983058685193,-55.104993811104784,-57.68436369616895
4614000000.0,-55.729335025584874,-51.58724558188213,-52.45049269076829,-55.02982031641224,-57.68601923533126
4616000000.0,-55.73309922483688,-51.674461087463996,-52.376063926587484,-54.983018770397834,-57.700494123482336
4618000000.0,-55.73686179350652,-51.766845093270064,-52.336544294309505,-54.96458917306156,-57.727788360622185
4620000000.0,-55.74062273300588,-51.86449849495617,-52.29702466203153,-54.94615957572529,-57.75508259776203
4622000000.0,-55.74438204474519,-51.96753020012287,-52.32901273154147,-54.98563506648436,-57.80616290848466
4624000000.0,-55.748139730132834,-52.076057643181045,-52.361000801051404,-55.02511055724343,-57.85724321920728
4626000000.0,-55.75189579057539,-52.19020735382347,-52.4299312421507,-55.09389440901571,-57.91912371479129
4628000000.0,-55.75565022747761,-52.310115584736565,-52.53580405483935,-55.1919866218012,-57.991804395236684
4630000000.0,-55.75940304224243,-52.43592900491586,-52.641676867528005,-55.29007883458669,-58.064485075682086
4632000000.0,-55.76315423627097,-52.56780546575218,-52.824635494697674,-55.44685498838089,-58.15648104864725
4634000000.0,-55.7669038109625,-52.70591484797764,-53.00759412186735,-55.6036311421751,-58.24847702161242
4636000000.0,-55.77065176771455,-52.850439998577684,-53.23108187875989,-55.78918462657959,-58.3490428700692
4638000000.0,-55.77439810792274,-53.00157776793644,-53.49509876537529,-56.00351544159436,-58.458178594017575
4640000000.0,-55.77814283298099,-53.15954015876831,-53.75911565199069,-56.217846256609135,-58.56731431796596
4642000000.0,-55.78188594428135,-53.32455559981322,-54.10845327535136,-56.48631194950635,-58.691671112069756
4644000000.0,-55.785627443214096,-53.49687035885866,-54.457790898712034,-56.75477764240357,-58.81602790617355
4646000000.0,-55.7893673311677,-53.67675011136413,-54.85128567974368,-57.046513150766856,-58.947181001908454
4648000000.0,-55.793105609528865,-53.864481682810215,-55.28893761844632,-57.3615184745962,-59.08513039927446
4650000000.0,-55.79684227968245,-54.06037498482718,-55.726589557148955,-57.676523798425556,-59.22307979664048
4652000000.0,-55.80057734301158,-54.26476516711886,-56.250036941751546,-58.02350124969076,-59.373146806682485
4654000000.0,-55.804310800897596,-54.47801500903974,-56.773484326354136,-58.370478700955964,-59.52321381672449
4656000000.0,-55.80804265472001,-54.70051757626215,-57.33061550462624,-58.72115527494945,-59.678503486037286
4658000000.0,-55.811772905856614,-54.93269916894175,-57.92143047656784,-59.075530971671235,-59.83901581462086
4660000000.0,-55.815501555683376,-55.175022587665154,-58.51224544850945,-59.429906668393016,-59.99952814320444
4662000000.0,-55.81922860557454,-55.42799074154295,-59.11511199649346,-59.756616970398255,-60.16803692499612
4664000000.0,-55.82295405690253,-55.692150617885844,-59.717978544477475,-60.08332727240349,-60.33654570678781
4666000000.0,-55.826677911038054,-55.96809762322732,-60.26966726047299,-60.377070709733594,-60.507055040909954
4668000000.0,-55.83040016935002,-56.2564802882974,-60.77017814448002,-60.63784728238856,-60.67956492736256
4670000000.0,-55.83412083320562,-56.55800530074275,-61.27068902848705,-60.89862385504353,-60.85207481381517
4672000000.0,-55.837839903970234,-56.87344278243564,-61.53151121907763,-61.069039376847705,-61.022215019622024
4674000000.0,-55.84155738300754,-57.203631653236954,-61.79233340966821,-61.23945489865188,-61.19235522542888
4676000000.0,-55.84527327167942,-57.549484804589106,-61.918965478994096,-61.367294751009126,-61.356640533363034
4678000000.0,-55.84898757134606,-57.91199362036751,-61.91140742705528,-61.45255893391945,-61.51507094342448
4680000000.0,-55.85270028336585,-58.29223109155215,-61.903849375116465,-61.53782311682977,-61.67350135348593
4682000000.0,-55.85641140909548,-58.6913523167351,-61.749215904816516,-61.57083912301529,-61.80806424914011
4684000000.0,-55.86012094988988,-59.1105904700128,-61.59458243451657,-61.60385512920082,-61.94262714479429
4686000000.0,-55.86382890710225,-59.551245206312906,-61.439072429381866,-61.63221942361188,-62.05852241761071
4688000000.0,-55.867535282084056,-60.01465873418341,-61.282685889412406,-61.655932006248484,-62.155750067589395
4690000000.0,-55.871240076185046,-60.502172063709956,-61.126299349442945,-61.67964458888509,-62.25297771756807
4692000000.0,-55.8749432907532,-61.015049692557895,-61.059174584820454,-61.73071703160351,-62.301169779888895
4694000000.0,-55.87864492713485,-61.554354430954334,-60.99204982019796,-61.78178947432193,-62.34936184220971
4696000000.0,-55.88234498667453,-62.1207441000281,-60.99357434301317,-61.85820188378014,-62.36994502110325
4698000000.0,-55.88604347071511,-62.71414721782563,-61.063748153266076,-61.95995425997813,-62.3629193165695
4700000000.0,-55.88974038059773,-63.333254771468745,-61.133921963518986,-62.061706636176126,-62.35589361203576
4702000000.0,-55.89343571766179,-63.97474166875517,-61.3738196481613,-62.222003219658646,-62.29541628510759
4704000000.0,-55.89712948324501,-64.63211464735146,-61.61371733280361,-62.38229980314117,-62.23493895817943
4706000000.0,-55.90082167868342,-65.2941041953743,-61.95597907399471,-62.56623279355375,-62.152340336849136
4708000000.0,-55.904512305311314,-65.94264914279444,-62.40060487173459,-62.77380219089638,-62.047620421116726
4710000000.0,-55.9082013644613,-66.55089356828883,-62.845230669474475,-62.981371588239014,-61.94290050538431
4712000000.0,-55.91188885746428,-67.08234842364058,-63.5400913234846,-63.197423290528135,-61.807515685298064
4714000000.0,-55.915574785649476,-67.49327102021988,-64.23495197749473,-63.413474992817264,-61.67213086521181
4716000000.0,-55.91925915034441,-67.74031251730582,-65.06703405433696,-63.597157718483814,-61.528542061999694
4718000000.0,-55.92294195287491,-67.79281700653654,-66.03633755401128,-63.748471467527786,-61.3767492756617
4720000000.0,-55.926623194565124,-67.64416089221865,-67.00564105368562,-63.89978521657176,-61.22495648932371
4722000000.0,-55.93030287673754,-67.31447777625904,-67.95741242946141,-63.89797982546338,-61.06909047352099
4724000000.0,-55.93398100071291,-66.84267567607341,-68.90918380523719,-63.89617443435501,-60.913224457718265
4726000000.0,-55.93765756781038,-66.27361757488819,-69.28394919468776,-63.796864829937114,-60.759995905401766
4728000000.0,-55.94133257934735,-65.64786896220056,-69.08170859781312,-63.60005101220969,-60.60940481657149
4730000000.0,-55.945006036639604,-64.99695584899204,-68.87946800093847,-63.40323719448227,-60.458813727741216
4732000000.0,-55.948677941001236,-64.34295305644672,-67.67697040309586,-63.056662873263804,-60.31990090884153
4734000000.0,-55.952348293744656,-63.7001293382814,-66.47447280525326,-62.71008855204534,-60.18098808994185
4736000000.0,-55.956017096180645,-63.077045402293436,-65.30385600500638,-62.333381886698916,-60.049917962621436
4738000000.0,-55.9596843496183,-62.47837938410184,-64.16512000235522,-61.92654287722454,-59.9266905268803
4740000000.0,-55.96335005536507,-61.90629222060139,-63.02638399970408,-61.51970386775016,-59.803463091139164
4742000000.0,-55.96701421472676,-61.36137279123928,-62.15719363800502,-61.12655159007191,-59.69817519950414
4744000000.0,-55.9706768290075,-60.843263964444745,-61.28800327630596,-60.733399312393665,-59.59288730786912
4746000000.0,-55.97433789950978,-60.35106609056241,-60.53555769218189,-60.368085190019826,-59.49709112929924
4748000000.0,-55.97799742753445,-59.88359204398844,-59.8998568856328,-60.03060922295041,-59.41078666379451
4750000000.0,-55.981655414380704,-59.439525667404226,-59.26415607908372,-59.693133255880994,-59.32448219828977
4752000000.0,-55.98531186134612,-59.01751826249268,-58.816943414403056,-59.430540098110555,-59.257378514973055
4754000000.0,-55.9889667697266,-58.61624571791346,-58.369730749722386,-59.16794694034011,-59.19027483165634
4756000000.0,-55.992620140816456,-58.23444081807441,-58.00178758249415,-58.946475492681,-59.13258254306934
4758000000.0,-55.99627197590833,-57.87091003423391,-57.71311391271835,-58.766125755133224,-59.084301649212065
4760000000.0,-55.99992227629323,-57.52454072650609,-57.424440242942545,-58.585776017585445,-59.036020755354784
4762000000.0,-56.00357104326059,-57.1943025269216,-57.27715767475522,-58.489758359929006,-59.00569835663267
4764000000.0,-56.00721827809817,-56.879245294845674,-57.129875106567894,-58.39374070227257,-58.97537595791056
4766000000.0,-56.01086398209212,-56.57849515508399,-57.04955689622074,-58.339825826820196,-58.953369558663056
4768000000.0,-56.01450815652697,-56.291249565575384,-57.03620304371377,-58.32801373357189,-58.93967915889017
4770000000.0,-56.01815080268565,-56.01677200103998,-57.02284919120679,-58.316201640323584,-58.92598875911729
4772000000.0,-56.021791921849456,-55.75438660829464,-57.14414492203196,-58.38714625307568,-58.92711926438236
4774000000.0,-56.02543151529809,-55.50347304170292,-57.26544065285714,-58.45809086582777,-58.92824976964744
4776000000.0,-56.02906958430963,-55.26346159367296,-57.458533539457925,-58.56866775824874,-58.935627930534764
4778000000.0,-56.03270613016056,-55.03382867622886,-57.72342358183431,-58.71887693033858,-58.949253747044345
4780000000.0,-56.03634115412575,-54.81409267311187,-57.988313624210704,-58.869086102428426,-58.962879563553926
4782000000.0,-56.039974657478496,-54.60381015974802,-58.41528630416238,-59.090412401089054,-58.986162672174125
4784000000.0,-56.04360664149047,-54.402572475568945,-58.842258984114046,-59.31173869974969,-59.00944578079432
4786000000.0,-56.04723710743174,-54.210002626224075,-59.364921119463716,-59.55950205916761,-59.03591823041713
4788000000.0,-56.05086605657084,-54.025752490037206,-59.983272710211374,-59.83370247934283,-59.065580021042535
4790000000.0,-56.054493490174636,-53.84950030218601,-60.60162430095904,-60.10790289951805,-59.09524181166794
4792000000.0,-56.05811940950847,-53.680948390601,-61.442901671826014,-60.397855117476375,-59.127734132273844
4794000000.0,-56.061743815836074,-53.519821138914885,-62.28417904269298,-60.6878073354347,-59.16022645287975
4796000000.0,-56.06536671041959,-53.3658631535383,-63.21312337099468,-60.953817350527025,-59.192365052364565
4798000000.0,-56.06898809451961,-53.21883761386082,-64.22973465673108,-61.195885162753356,-59.224149930728295
4800000000.0,-56.07260796939512,-53.07852478653572,-65.2463459424675,-61.43795297497968,-59.25593480909203
4802000000.0,-56.07622633630355,-52.944720686691795,-65.93600934278707,-61.552715219469874,-59.28384907796998
4804000000.0,-56.07984319650075,-52.81723587071109,-66.62567274310663,-61.66747746396006,-59.31176334684794
4806000000.0,-56.083458551241,-52.69589434684693,-66.73525676280727,-61.693623876998636,-59.336541418418044
4808000000.0,-56.087072401777036,-52.580532591458244,-66.26476140188898,-61.63115445858559,-59.358183292680295
4810000000.0,-56.090684749360015,-52.47099866000046,-65.79426604097068,-61.56868504017255,-59.37982516694255
4812000000.0,-56.094295595239515,-52.36715138311872,-64.74756953248627,-61.35092321111118,-59.393872401833974
4814000000.0,-56.0979049406636,-52.26885963928059,-63.70087302400186,-61.13316138204981,-59.40791963672539
4816000000.0,-56.101512786878736,-52.17600169635211,-62.70973047950919,-60.874264459376604,-59.41813009285154
4818000000.0,-56.10511913512987,-52.08846461538102,-61.77414189900828,-60.57423244309155,-59.42450377021243
4820000000.0,-56.108723986660365,-52.00614371060948,-60.83855331850736,-60.2742004268065,-59.430877447573316
4822000000.0,-56.112327342712064,-51.92894206042097,-60.123177143307586,-59.96328720974188,-59.43070808306699
4824000000.0,-56.11592920452527,-51.85677006451974,-59.407800968107814,-59.65237399267725,-59.43053871856066
4826000000.0,-56.11952957333871,-51.789545043177164,-58.78840671274602,-59.358622595741366,-59.42816204169318
4828000000.0,-56.12312845038961,-51.72719087485091,-58.26499437722221,-59.08203301893422,-59.423578052464535
4830000000.0,-56.12672583691362,-51.66963766890223,-57.7415820416984,-58.80544344212708,-59.4189940632359
4832000000.0,-56.130321734144886,-51.61682147051142,-57.374672295448754,-58.58513375474057,-59.412804303942906
4834000000.0,-56.13391614331601,-51.568683995225726,-57.0077625491991,-58.36482406735406,-59.40661454464991
4836000000.0,-56.13750906565806,-51.52517239087389,-56.705780376592514,-58.17660273378504,-59.40119857613532
4838000000.0,-56.14110050240059,-51.4862390248469,-56.46872577762899,-58.02046975403351,-59.39655639839913
4840000000.0,-56.14469045477162,-51.45184129499011,-56.231671178665465,-57.864336774281995,-59.39191422066294
4842000000.0,-56.14827892399766,-51.421941462567034,-56.10519881096535,-57.77275867672398,-59.392029698881
4844000000.0,-56.151865911303666,-51.3965065059556,-55.978726443265224,-57.68118057916597,-59.39214517709905
4846000000.0,-56.15545141791312,-51.37550799391869,-55.900000339855524,-57.619955371626354,-59.39616683269629
4848000000.0,-56.15903544504797,-51.35892197745632,-55.86902050073625,-57.58908305410513,-59.4040946656727
4850000000.0,-56.16261799392865,-51.34672889940255,-55.838040661616965,-57.558210736583916,-59.412022498649115
4852000000.0,-56.16619906577408,-51.33891352107266,-55.88850832220923,-57.581158605250934,-59.430516498206735
4854000000.0,-56.169778661801686,-51.335464865401654,-55.9389759828015,-57.60410647391795,-59.44901049776436
4856000000.0,-56.1733567832274,-51.33637617614398,-56.02199878091898,-57.64902825959334,-59.47395882078887
4858000000.0,-56.17693343126561,-51.34164489282651,-56.13757671656165,-57.71592396227709,-59.50536146728027
4860000000.0,-56.18050860712924,-51.35127264126682,-56.253154652204316,-57.78281966496084,-59.53676411377166
4862000000.0,-56.18408231202971,-51.36526523958558,-56.411450643813296,-57.8804230551235,-59.58289251715695
4864000000.0,-56.18765454717695,-51.38363271975826,-56.569746635422284,-57.97802644528617,-59.62902092054224
4866000000.0,-56.19122531377937,-51.40638936486784,-56.73351806101654,-58.08265300026497,-59.683081847188916
4868000000.0,-56.194794613043925,-51.43355376233902,-56.90276492059607,-58.19430272005991,-59.74507529709698
4870000000.0,-56.19836244617606,-51.46514887355675,-57.0720117801756,-58.30595243985485,-59.807068747005054
4872000000.0,-56.201928814379755,-51.50120212039869,-57.21151492023148,-58.41280453906791,-59.8851737455603
4874000000.0,-56.20549371885748,-51.541745489344166,-57.35101806028736,-58.51965663828098,-59.96327874411554
4876000000.0,-56.20905716081026,-51.58681565396535,-57.45554671657479,-58.615261009865485,-60.04897420703421
4878000000.0,-56.212619141437614,-51.6364541167558,-57.52510088909376,-58.69961765382145,-60.14226013431632
4880000000.0,-56.21617966193759,-51.6907073714173,-57.594655061612734,-58.78397429777741,-60.23554606159842
4882000000.0,-56.219738723506765,-51.7496270869026,-57.572584220106755,-58.83426189775719,-60.34157340101753
4884000000.0,-56.22329632734028,-51.81327031470586,-57.55051337860078,-58.88454949773696,-60.447600740436634
4886000000.0,-56.226852474631734,-51.881699721106564,-57.4874317979179,-58.91718466004464,-60.55787055383277
4888000000.0,-56.23040716657333,-51.95498384631111,-57.383339478058105,-58.932167384680234,-60.67238284120595
4890000000.0,-56.233960404355784,-52.03319739269345,-57.27924715819832,-58.94715010931583,-60.786895128579125
4892000000.0,-56.237512189168335,-52.1164215446325,-57.12752462263508,-58.93648999129817,-60.903680533351476
4894000000.0,-56.24106252219878,-52.20474432276811,-56.975802087071834,-58.925829873280506,-61.02046593812383
4896000000.0,-56.24461140463347,-52.29826097586181,-56.82065767351302,-58.910881416884216,-61.13443344987048
4898000000.0,-56.24815883765728,-52.39707441385812,-56.66209138195863,-58.8916446221093,-61.24558306859144
4900000000.0,-56.25170482245365,-52.501295686202056,-56.50352509040424,-58.872407827334385,-61.3567326873124
4902000000.0,-56.25524936020455,-52.61104450999006,-56.37190481516545,-58.86407447518938,-61.45353805015812
4904000000.0,-56.258792452090546,-52.726449853108065,-56.24028453992667,-58.85574112304439,-61.550343413003844
4906000000.0,-56.26233409929071,-52.847650578175696,-56.13387354380828,-58.861955867067124,-61.63602611167115
4908000000.0,-56.26587430298271,-52.97479615385585,-56.052671826810275,-58.882718707257595,-61.710586146160054
4910000000.0,-56.26941306434274,-53.10804744092181,-55.97147010981227,-58.90348154744807,-61.78514618064895
4912000000.0,-56.272950384545595,-53.2475775614222,-55.95612313468789,-58.96876482740107,-61.832336722496755
4914000000.0,-56.276486264764614,-53.39357286033814,-55.94077615956351,-59.03404810735407,-61.87952726434456
4916000000.0,-56.280020706171705,-53.546233970314,-55.96380564896898,-59.12800846848775,-61.912626240007626
4918000000.0,-56.283553709937344,-53.70577699136608,-56.02521160290431,-59.25064591080211,-61.931633649485946
4920000000.0,-56.287085277230574,-53.872434798947346,-56.08661755683963,-59.37328335311647,-61.950641058964266
4922000000.0,-56.29061540921904,-54.04645849534835,-56.234181339426456,-59.56446846155347,-61.945234873966506
4924000000.0,-56.294144107068945,-54.22811902117796,-56.38174512201328,-59.75565356999047,-61.939828688968745
4926000000.0,-56.297671371945064,-54.41770894554111,-56.57760434716679,-59.986429884550375,-61.92578988547631
4928000000.0,-56.30119720501075,-54.615544455464835,-56.82175901488699,-60.25679740523319,-61.90311846348921
4930000000.0,-56.30472160742797,-54.821967567079284,-57.06591368260719,-60.527164925916004,-61.88044704150211
4932000000.0,-56.308244580357254,-55.03734858286081,-57.42064452854151,-60.887528445597646,-61.84893067605201
4934000000.0,-56.311766124957714,-55.26208882068492,-57.77537537447583,-61.247891965279294,-61.81741431060191
4936000000.0,-56.31528624238708,-55.49662364119544,-58.195862609157,-61.65852482906956,-61.78525774664945
4938000000.0,-56.318804933801644,-55.741425799492134,-58.68210623258502,-62.11942703696845,-61.75246098419462
4940000000.0,-56.32232220035632,-55.99700914456767,-59.168349856013045,-62.58032924486734,-61.71966422173979
4942000000.0,-56.325838043204584,-56.26393268398105,-59.81983155332851,-63.147764960855426,-61.69074691882558
4944000000.0,-56.32935246349856,-56.542805019973095,-60.47131325064398,-63.715200676843516,-61.66182961591137
4946000000.0,-56.33286546238894,-56.83428914352484,-61.234475035574704,-64.32834399487065,-61.635820870307555
4948000000.0,-56.33637704102504,-57.13910754012392,-62.10931690812067,-64.98719491493682,-61.612720682014135
4950000000.0,-56.339887200554756,-57.45804750797862,-62.98415878066664,-65.64604583500301,-61.58962049372071
4952000000.0,-56.3433959421246,-57.791966504965586,-64.18880270236677,-66.31051171574921,-61.57087725776892
4954000000.0,-56.346903266879735,-58.141797207508674,-65.3934466240669,-66.97497759649542,-61.55213402181713
4956000000.0,-56.35040917596389,-58.50855175590313,-66.84973856131853,-67.52434832811925,-61.53333054113511
4958000000.0,-56.35391367051943,-58.89332433429888,-68.55767851412166,-67.95862391062069,-61.514466815722855
4960000000.0,-56.35741675168732,-59.29729072372552,-70.26561846692479,-68.39289949312213,-61.4956030903106
4962000000.0,-56.36091842060718,-59.72170266943923,-71.99800322807769,-68.3234976316494,-61.4700674748563
4964000000.0,-56.364418678417216,-60.16787365658634,-73.7303879892306,-68.25409577017669,-61.44453185940199
4966000000.0,-56.36791752625428,-60.637150735551884,-74.04241622711257,-67.97091411816518,-61.41210229881526
4968000000.0,-56.37141496525385,-61.13086398507473,-72.9340879417236,-67.47395267561491,-61.37277879309611
4970000000.0,-56.374910996550014,-61.65024044801724,-71.82575965633464,-66.97699123306464,-61.33345528737696
4972000000.0,-56.37840562127551,-62.19626205188439,-70.16425469080744,-66.34894137327608,-61.274536886244405
4974000000.0,-56.38189884056172,-62.76943598067917,-68.50274972528025,-65.72089151348752,-61.215618485111854
4976000000.0,-56.38539065553863,-63.36942997740118,-67.10062846527103,-65.11249609842216,-61.14550915659739
4978000000.0,-56.388881067334864,-63.9945037689817,-65.95789091077977,-64.52375512808,-61.064208900701004
4980000000.0,-56.39237007707773,-64.64064450900084,-64.81515335628852,-63.93501415773785,-60.98290864480462
4982000000.0,-56.39585768589313,-65.30030279104346,-64.0176296921908,-63.431924001581116,-60.88033663699438
4984000000.0,-56.399343894905634,-65.96066577422062,-63.22010602809307,-62.92883384542439,-60.777764629184134
4986000000.0,-56.40282870523847,-66.60158238383488,-62.529784935913,-62.46821593519823,-60.66689651425465
4988000000.0,-56.406312118013474,-67.19371244776593,-61.946666415650576,-62.05007027090263,-60.547732292205936
4990000000.0,-56.40979413435117,-67.69829096055324,-61.36354789538815,-61.631924606607036,-60.42856807015721
4992000000.0,-56.41327475537072,-68.07071472175764,-60.91900525798171,-61.28557244122801,-60.29976028923519
4994000000.0,-56.416753982189945,-68.26962767502862,-60.47446262057526,-60.93922027584899,-60.170952508313164
4996000000.0,-56.420231815925334,-68.2697006745787,-60.075311738319975,-60.62140192501518,-60.04112278215358
4998000000.0,-56.423708257692,-68.07139701318252,-59.721552611215856,-60.33211738872658,-59.91027111075643
5000000000.0,-56.42718330860375,-67.70078105576985,-59.36779348411173,-60.04283285243798,-59.77941943935929
5002000000.0,-56.430656969773054,-67.19951767287127,-59.07235778597185,-59.79740155769998,-59.653452768281426
5004000000.0,-56.434129242311016,-66.61213015475735,-58.77692208783198,-59.55197026296197,-59.527486097203564
5006000000.0,-56.43760012732746,-65.97709797602255,-58.499459771327075,-59.32305517855685,-59.40671646952758
5008000000.0,-56.441069625930844,-65.32343523573468,-58.23997083645714,-59.11065630448462,-59.291143885253476
5010000000.0,-56.444537739228295,-64.67101325561785,-57.980481901587204,-58.89825743041239,-59.17557130097937
5012000000.0,-56.44800446832562,-64.03243605631897,-57.74256797469899,-58.7107526825771,-59.074268451694486
5014000000.0,-56.451469814327325,-63.41510920129149,-57.50465404781078,-58.52324793474182,-58.9729656024096
5016000000.0,-56.45493377833658,-62.82295144307707,-57.27378452817334,-58.345493750666094,-58.87999099614386
5018000000.0,-56.45839636145521,-62.2576438303348,-57.04995941578666,-58.177490130349945,-58.79534463289725
5020000000.0,-56.461857564783756,-61.71948266237645,-56.82613430339998,-58.009486510033796,-58.710698269650635
5022000000.0,-56.46531738942144,-61.207939865609156,-56.61454043707533,-57.8581927428244,-58.64393116066427
5024000000.0,-56.46877583646617,-60.72202218387137,-56.40294657075067,-57.70689897561501,-58.57716405167791
5026000000.0,-56.472232907014515,-60.260497208813135,-56.1985227943806,-57.56368205075504,-58.519556079094656
5028000000.0,-56.47568860216178,-59.822033146369485,-56.0012691079651,-57.4285419682445,-58.47110724291451
5030000000.0,-56.47914292300192,-59.40528340882455,-55.80401542154961,-57.293401885733964,-58.42265840673437
5032000000.0,-56.48259587062762,-59.008936221883516,-55.62538591116895,-57.175551760962136,-58.392544613704075
5034000000.0,-56.48604744613025,-58.63174221671472,-55.44675640078828,-57.05770163619031,-58.36243082067378
5036000000.0,-56.48949765059987,-58.272528293100585,-55.27991166946437,-56.94960487052955,-58.34143251470729
5038000000.0,-56.49294648512526,-57.93020303177577,-55.12485171719721,-56.85126146397985,-58.32954969580462
5040000000.0,-56.49639395079387,-57.603757010516965,-54.96979176493005,-56.75291805743016,-58.31766687690195
5042000000.0,-56.49984004869192,-57.2922601498185,-54.842904550095604,-56.67681383384707,-58.324007849152814
5044000000.0,-56.50328477990425,-56.99485742875642,-54.71601733526116,-56.600709610263976,-58.330348821403675
5046000000.0,-56.50672814551449,-56.71076380938346,-54.605099659022,-56.53713033066006,-58.345907166148585
5048000000.0,-56.510170146604935,-56.439258886526254,-54.51015152137814,-56.486075995035314,-58.370682883387545
5050000000.0,-56.5136107842566,-56.179681574296374,-54.41520338373429,-56.435021659410566,-58.3954586006265
5052000000.0,-56.517050059549234,-55.93142500952552,-54.35500421397072,-56.41162400032949,-58.439119308018036
5054000000.0,-56.520487973561295,-55.69393176917473,-54.29480504420716,-56.38822634124841,-58.48278001540957
5056000000.0,-56.52392452736994,-55.466689446585306,-54.25295823182436,-56.37978848219228,-58.53619105262936
5058000000.0,-56.52735972205109,-55.24922659922176,-54.22946377682232,-56.38631042316111,-58.59935241967742
5060000000.0,-56.53079355867936,-55.041109061211046,-54.205969321820284,-56.392832364129944,-58.662513786725484
5062000000.0,-56.53422603832808,-54.84193660292013,-54.220492257483734,-56.43116203517451,-58.74579966432588
5064000000.0,-56.537657162069344,-54.65133991400933,-54.23501519314719,-56.46949170621907,-58.829085541926275
5066000000.0,-56.541086930973954,-54.46897788391068,-54.26901025528644,-56.52450289047719,-58.92263645128024
5068000000.0,-56.544515346111446,-54.294535153238705,-54.32247744390149,-56.59619558794886,-59.026452392387775
5070000000.0,-56.5479424085501,-54.12771991042072,-54.375944632516536,-56.66788828542054,-59.13026833349531
5072000000.0,-56.5513681193569,-53.96826190929776,-54.46917702238282,-56.77425056285743,-59.25451838950775
5074000000.0,-56.55479247959761,-53.81591068525736,-54.56240941224912,-56.880612840294326,-59.378768445520194
5076000000.0,-56.558215490336714,-53.6704339494036,-54.6760333363719,-57.0048894261782,-59.51277173551935
5078000000.0,-56.561637152637445,-53.53161614221689,-54.81004879475118,-57.14708032050906,-59.656528259505215
5080000000.0,-56.56505746756176,-53.39925713002512,-54.94406425313046,-57.28927121483992,-59.80028478349108
5082000000.0,-56.568476436170386,-53.27317102935132,-55.12041596383016,-57.468396079669695,-59.9614231382588
5084000000.0,-56.57189405952279,-53.153185145821276,-55.29676767452986,-57.64752094449946,-60.122561493026524
5086000000.0,-56.57531033867717,-53.03913901576848,-55.49552809879725,-57.84566475266626,-60.29054364113082
5088000000.0,-56.57872527469052,-52.93088353999795,-55.71669723663235,-58.06282750417007,-60.46536958257168
5090000000.0,-56.58213886861855,-52.82828020035229,-55.93786637446744,-58.279990255673894,-60.64019552401255
5092000000.0,-56.585551121515735,-52.73120035077327,-56.2077326192009,-58.53624332825081,-60.823132069141955
5094000000.0,-56.5889620344353,-52.63952457549518,-56.477598863934354,-58.79249640082773,-61.00606861427136
5096000000.0,-56.59237160842926,-52.55314210783779,-56.77474269218339,-59.06866078870542,-61.189269823783725
5098000000.0,-56.595779844548346,-52.47195030380568,-57.099164103948,-59.36473649188389,-61.37273569767903
5100000000.0,-56.5991867438421,-52.395854165355786,-57.42358551571262,-59.660812195062356,-61.55620157157435
5102000000.0,-56.602592307358805,-52.32476590877806,-57.811131382843904,-59.99641267420885,-61.730884230386366
5104000000.0,-56.6059965361455,-52.25860457415014,-58.19867724997519,-60.33201315335534,-61.905566889198376
5106000000.0,-56.60939943124801,-52.19729567228224,-58.62389092074483,-60.68593217559816,-62.07077581587239
5108000000.0,-56.61280099371092,-52.14077086598128,-59.08677239515281,-61.058169740937316,-62.2265110104084
5110000000.0,-56.61620122457763,-52.08896768282197,-59.5496538695608,-61.43040730627647,-62.382246204944416
5112000000.0,-56.61960012489025,-52.04182925693969,-60.10480140321438,-61.830737804594634,-62.509556214871836
5114000000.0,-56.622997695689705,-51.999304097651155,-60.659948936867956,-62.231068302912796,-62.636866224799256
5116000000.0,-56.626393938015696,-51.96134588296737,-61.27234102307011,-62.63572027665019,-62.74650663220207
5118000000.0,-56.62978885290671,-51.92791327630136,-61.94197766182085,-63.04469372580683,-62.83847743708027
5120000000.0,-56.633182441399995,-51.89896976488507,-62.61161430057158,-63.45366717496347,-62.93044824195847
5122000000.0,-56.63657470453159,-51.87448351860368,-63.419642038842014,-63.83428090501252,-62.984232632123714
5124000000.0,-56.63996564333635,-51.854427268133456,-64.22766977711245,-64.21489463506157,-63.038017022288955
5126000000.0,-56.643355258847876,-51.83877820143097,-65.10473118633918,-64.55316725657538,-63.07351747093543
5128000000.0,-56.6467435520986,-51.82751787777545,-66.0508262665222,-64.84909876955393,-63.090733978063135
5130000000.0,-56.6501305241197,-51.82063215870442,-66.99692134670521,-65.1450302825325,-63.107950485190834
5132000000.0,-56.65351617594119,-51.81811115531799,-67.93791859617082,-65.29738036000967,-63.09378569444029
5134000000.0,-56.65690050859187,-51.81994919155304,-68.87891584563643,-65.44973043748682,-63.079620903689744
5136000000.0,-56.66028352309931,-51.82614478315106,-69.56105720117128,-65.51810486863172,-63.05330021456688
5138000000.0,-56.663665220489925,-51.83670063216135,-69.98434266277536,-65.50250365344438,-63.01482362707169
5140000000.0,-56.66704560178889,-51.85162363693885,-70.40762812437944,-65.48690243825702,-62.97634703957651
5142000000.0,-56.67042466802022,-51.87092491771088,-69.97310521772741,-65.33467291686915,-62.92083128368587
5144000000.0,-56.67380242020669,-51.894619857905795,-69.53858231107539,-65.18244339548129,-62.86531552779523
5146000000.0,-56.67717885936993,-51.92272816155415,-68.93736532633011,-64.9935473859915,-62.8044521799159
5148000000.0,-56.680553986530356,-51.95527392719774,-68.16945426349157,-64.76798488839982,-62.73824124004787
5150000000.0,-56.68392780270719,-51.99228573886959,-67.40154320065304,-64.54242239080814,-62.67203030017984
5152000000.0,-56.68730030891848,-52.03379677484343,-66.71109101770026,-64.30196785525746,-62.60006719461262
5154000000.0,-56.69067150618109,-52.079844934994824,-66.02063883474749,-64.06151331970679,-62.52810408904541
5156000000.0,-56.69404139551068,-52.13047298777263,-65.41283741835845,-63.83260462921944,-62.45504455829579
5158000000.0,-56.69740997792175,-52.185728737943116,-64.88768676853317,-63.615241783795426,-62.380888602363775
5160000000.0,-56.7007772544276,-52.24566521645372,-64.3625361187079,-63.39787893837141,-62.30673264643176
5162000000.0,-56.70414322604038,-52.31034089396188,-63.996411459628106,-63.22314079689988,-62.23282894551837
5164000000.0,-56.70750789377102,-52.379819919792936,-63.63028680054832,-63.04840265542833,-62.15892524460498
5166000000.0,-56.71087125862934,-52.45417238833351,-63.33384477049065,-62.89859220915446,-62.08598196178261
5168000000.0,-56.71423332162392,-52.53347463513802,-63.10708536945509,-62.773709458078244,-62.01399909705126
5170000000.0,-56.71759408376222,-52.6178095653225,-62.88032596841954,-62.64882670700203,-61.94201623231991
5172000000.0,-56.72095354605051,-52.707267017159126,-62.77483754827959,-62.57316260262202,-61.87314786612185
5174000000.0,-56.72431170949387,-52.80194416415779,-62.66934912813964,-62.49749849824202,-61.80427949992379
5176000000.0,-56.72766857509625,-52.90194595934362,-62.61608983267355,-62.443244626616085,-61.737439193400135
5178000000.0,-56.73102414386044,-53.007385625913734,-62.615059661881325,-62.410400987744225,-61.672626946550885
5180000000.0,-56.73437841678804,-53.11838519899176,-62.61402949108909,-62.377557348872365,-61.60781469970164
5182000000.0,-56.737731394879496,-53.235076123799004,-62.697417771640545,-62.37599688591373,-61.54788467248483
5184000000.0,-56.741083079134114,-53.3575999162405,-62.780806052192,-62.3744364229551,-61.48795464526801
5186000000.0,-56.74443347055003,-53.48610889266904,-62.89119850995979,-62.38031365468926,-61.43084948557072
5188000000.0,-56.747782570124215,-53.62076697645779,-63.02859514494392,-62.393628581116225,-61.376569193392946
5190000000.0,-56.75113037885253,-53.76175058997306,-63.16599177992805,-62.40694350754319,-61.32228890121518
5192000000.0,-56.75447689772963,-53.909249641637295,-63.30852735071959,-62.41511875817234,-61.2743539416522
5194000000.0,-56.75782212774905,-54.06346861899368,-63.45106292151112,-62.4232940088015,-61.22641898208922
5196000000.0,-56.76116606990318,-54.224627800034085,-63.562243633739314,-62.41885092992605,-61.18193049085711
5198000000.0,-56.76450872518325,-54.392964596567566,-63.642069487404164,-62.401789521546,-61.14088846795588
5200000000.0,-56.76785009457936,-54.56873504505496,-63.721895341069015,-62.38472811316595,-61.09984644505465
5202000000.0,-56.77119017908045,-54.752215462115956,-63.675220709652834,-62.327992552573434,-61.06596489173261
5204000000.0,-56.77452897967434,-54.94370428382058,-63.62854607823666,-62.27125699198092,-61.03208333841057
5206000000.0,-56.77786649734771,-55.14352410982532,-63.509850299292935,-62.19296801502623,-61.00168684950587
5208000000.0,-56.78120273308608,-55.35202397533727,-63.31913337282166,-62.09312562170936,-60.9747754250185
5210000000.0,-56.78453768787386,-55.56958187562656,-63.12841644635039,-61.9932832283925,-60.94786400053113
5212000000.0,-56.78787136269432,-55.79660756912187,-62.836204758673205,-61.859082053447025,-60.927071001429134
5214000000.0,-56.791203758529576,-56.03354568559582,-62.54399307099602,-61.724880878501544,-60.906278002327134
5216000000.0,-56.79453487636064,-56.280879165028004,-62.23508767243677,-61.581969275278325,-60.887691586723264
5218000000.0,-56.797864717167414,-56.53913304943238,-61.90948856299546,-61.43034724377737,-60.871311754617516
5220000000.0,-56.80119328192862,-56.80887864284247,-61.58388945355416,-61.27872521227641,-60.854931922511774
5222000000.0,-56.804520571621886,-57.09073804153878,-61.28156623251335,-61.12862948470864,-60.840285830833594
5224000000.0,-56.80784658722373,-57.385389014100696,-60.97924301147255,-60.97853375714087,-60.82563973915541
5226000000.0,-56.81117132970951,-57.69357017369902,-60.705935807257035,-60.83726339133418,-60.81005120964542
5228000000.0,-56.81449480005351,-58.0160863252273,-60.46164461986681,-60.70481838728858,-60.79352024230362
5230000000.0,-56.81781699922886,-58.353813774877125,-60.21735343247659,-60.57237338324298,-60.77698927496183
5232000000.0,-56.82113792820759,-58.70770524029085,-60.04897824061407,-60.46856747796099,-60.75429833765525
5234000000.0,-56.82445758796062,-59.07879376532544,-59.880603048751546,-60.364761572678994,-60.73160740034868
5236000000.0,-56.82777597945773,-59.46819467751354,-59.75404597946419,-60.27791173676644,-60.70366475703638
5238000000.0,-56.83109310366764,-59.87710405448004,-59.669307032752,-60.208017970223345,-60.670470407718355
5240000000.0,-56.834408961557905,-60.30679127139612,-59.58456808603981,-60.13812420368025,-60.63727605840033
5242000000.0,-56.83772355409501,-60.75858180204548,-59.58476159809729,-60.10170834512761,-60.59001776809735
5244000000.0,-56.84103688224431,-61.23382425540662,-59.58495511015476,-60.065292486574975,-60.54275947779436
5246000000.0,-56.844348946970065,-61.73383220663787,-59.62514712466254,-60.042516159783865,-60.487542009838386
5248000000.0,-56.84765974923545,-62.25978606317661,-59.705337641620616,-60.03337936475428,-60.4243653642294
5250000000.0,-56.85096929000251,-62.81257204734533,-59.7855281585787,-60.024242569724706,-60.361188718620426
5252000000.0,-56.854277570232206,-63.39252316931005,-59.930847029312474,-60.03032274625105,-60.282634779620764
5254000000.0,-56.8575845908844,-63.99900967536092,-60.076165900046256,-60.0364029227774,-60.20408084062111
5256000000.0,-56.86089035291786,-64.62980408349186,-60.237569948898674,-60.041418662036996,-60.11939612711299
5258000000.0,-56.86419485729025,-65.28012367869616,-60.41505917586974,-60.04536996402983,-60.02858063909642
5260000000.0,-56.86749810495815,-65.94124993830843,-60.592548402840805,-60.04932126602267,-59.937765151079844
5262000000.0,-56.870800096877055,-66.59868919846758,-60.74145565984094,-60.03100545864715,-59.83997040676465
5264000000.0,-56.874100834001354,-67.23007420511078,-60.89036291684107,-60.01268965127163,-59.74217566244946
5266000000.0,-56.87740031728437,-67.8035564053623,-60.98290804561015,-59.97437204301826,-59.64420426259973
5268000000.0,-56.88069854767829,-68.27832408103899,-61.01909104614818,-59.916052633887055,-59.546056207215464
5270000000.0,-56.88399552613431,-68.60952233721194,-61.055274046686215,-59.85773322475585,-59.4479081518312
5272000000.0,-56.88729125360244,-68.75866692963956,-60.91323391791468,-59.750575346855385,-59.3564449611767
5274000000.0,-56.890585731031685,-68.70643493426273,-60.77119378914315,-59.643417468954915,-59.2649817705222
5276000000.0,-56.89387895936993,-68.46035278765936,-60.543893714651745,-59.51383294860425,-59.18019841327876
5278000000.0,-56.89717093956399,-68.05170384256384,-60.23133369444046,-59.36182178580338,-59.10209488944637
5280000000.0,-56.900461672559615,-67.52402754216536,-59.91877367422917,-59.20981062300251,-59.02399136561399
5282000000.0,-56.90375115930148,-66.92091366930312,-59.50838230034989,-59.02809912603128,-58.965061855933016
5284000000.0,-56.90703940073317,-66.27854402465158,-59.09799092647061,-58.846387629060054,-58.90613234625204
5286000000.0,-56.910326397797206,-65.6234577216832,-58.67845257481475,-58.66009065919581,-58.85915281634533
5288000000.0,-56.91361215143505,-64.97345638863405,-58.2497672453823,-58.469208216438545,-58.82412326621287
5290000000.0,-56.91689666258709,-64.33962079038895,-57.82108191594986,-58.27832577368128,-58.789093716080416
5292000000.0,-56.92017993219264,-63.728316319186334,-57.42694000937891,-58.09838281394062,-58.781565172960484
5294000000.0,-56.923461961189965,-63.14278543599273,-57.03279810280795,-57.91843985419995,-58.77403662984055
5296000000.0,-56.92674275051624,-62.584285709477136,-56.669397270471514,-57.75221605765546,-58.78153014978989
5298000000.0,-56.93002230110761,-62.05285777577195,-56.336737512369595,-57.59971142430715,-58.8040457328085
5300000000.0,-56.933300613899156,-61.54782621362987,-56.00407775426767,-57.44720679095884,-58.82656131582711
5302000000.0,-56.936577689824865,-61.06811896778328,-55.74441171335917,-57.334375356269085,-58.880707711310706
5304000000.0,-56.939853529817704,-60.61246747465957,-55.48474567245067,-57.22154392157933,-58.934854106794305
5306000000.0,-56.943128134809584,-60.17952980376852,-55.26364769260455,-57.13288565944704,-59.00517703276989
5308000000.0,-56.94640150573133,-59.76796468147286,-55.081117773820814,-57.06840056987222,-59.091676489237464
5310000000.0,-56.94967364351275,-59.3764744308131,-54.89858785503708,-57.003915480297394,-59.17817594570504
5312000000.0,-56.95294454908259,-59.003828391773,-54.79443710183977,-56.99396130678376,-59.29694424922723
5314000000.0,-56.956214223368555,-58.6488742033821,-54.69028634864246,-56.98400713327012,-59.41571255274942
5316000000.0,-56.95948266729726,-58.310541646736056,-54.625606698935485,-57.003647305918975,-59.55017533890941
5318000000.0,-56.96274988179434,-57.98784203361475,-54.60039815271883,-57.052881824730314,-59.7003326077072
5320000000.0,-56.96601586778434,-57.67986503026862,-54.575189606502185,-57.10211634354166,-59.850489876505
5322000000.0,-56.96928062619078,-57.385774105881715,-54.629877166975376,-57.214367038273586,-60.03031507177871
5324000000.0,-56.97254415793612,-57.1048013473594,-54.68456472744857,-57.326617733005506,-60.21014026705241
5326000000.0,-56.97580646394182,-56.83624209546676,-54.780133078434105,-57.4720753870282,-60.40346209901757
5328000000.0,-56.979067545128274,-56.5794496741313,-54.916582219931996,-57.650740000341656,-60.61028056767417
5330000000.0,-56.982327402414825,-56.33383036799624,-55.05303136142989,-57.829404613655115,-60.81709903633077
5332000000.0,-56.9855860367198,-56.09883872946882,-55.27425260653578,-58.07751491635342,-61.04708727277512
5334000000.0,-56.988843448960516,-55.87397325028363,-55.495473851641684,-58.32562521905173,-61.27707550921947
5336000000.0,-56.992099640053226,-55.65877240425992,-55.76115169514683,-58.609580766079304,-61.516013421146965
5338000000.0,-56.995354610913154,-55.45281105107824,-56.07128613705123,-58.929381557436145,-61.763901008557596
5340000000.0,-56.9986083624545,-55.25569718142187,-56.38142057895563,-59.249182348792985,-62.01178859596823
5342000000.0,-57.00186089559046,-55.06706897902194,-56.78527259998738,-59.64085415393966,-62.270445387115885
5344000000.0,-57.005112211233154,-54.886592173297466,-57.18912462101913,-60.03252595908633,-62.52910217826354
5346000000.0,-57.00836231029374,-54.71395765620321,-57.64177424910289,-60.457747725506806,-62.78840166142112
5348000000.0,-57.011611193682306,-54.548879337902704,-58.14322148423864,-60.91651945320108,-63.04834383658861
5350000000.0,-57.014858862307946,-54.39109221746138,-58.64466871937439,-61.37529118089536,-63.3082860117561
5352000000.0,-57.01810531707871,-54.24035064661409,-59.24222182010133,-61.88578213075066,-63.557258224388676
5354000000.0,-57.021350558901645,-54.09642676662048,-59.83977492082826,-62.396273080605965,-63.80623043702125
5356000000.0,-57.024594588682795,-53.959109100144495,-60.47640943585855,-62.9151887788284,-64.04222620528773
5358000000.0,-57.02783740732718,-53.82820128194731,-61.152125365192184,-63.44252922541797,-64.26524552918812
5360000000.0,-57.03107901573877,-53.703520913887246,-61.82784129452582,-63.96986967200754,-64.48826485308851
5362000000.0,-57.03431941482059,-53.58489853129227,-62.524773991200924,-64.45281147238407,-64.66875674374259
5364000000.0,-57.0375586054746,-53.472176669205325,-63.22170668787603,-64.93575327276059,-64.84924863439669
5366000000.0,-57.04079658860178,-53.365209018274946,-63.86989181311552,-65.35940136029039,-65.00077835360278
5368000000.0,-57.044033365102095,-53.263859661215946,-64.4693293669194,-65.72375573497348,-65.1233459013609
5370000000.0,-57.047268935874484,-53.16800238178918,-65.06876692072328,-66.08811010965657,-65.24591344911903
5372000000.0,-57.050503301816924,-53.077520039159474,-65.43475958472295,-66.29468667409444,-65.3003846582832
5374000000.0,-57.05373646382637,-52.9923040012951,-65.80075224872263,-66.5012632385323,-65.35485586744738
5376000000.0,-57.05696842279875,-52.9122536317956,-66.04519068483268,-66.6466026057886,-65.37455468979162
5378000000.0,-57.06019917962902,-52.837275825163694,-66.16807489305312,-66.73070477586332,-65.35948112531594
5380000000.0,-57.063428735211154,-52.76728458610535,-66.29095910127356,-66.81480694593803,-65.34440756084024
5382000000.0,-57.066657090438085,-52.70220064894125,-66.31789303230516,-66.86041940616163,-65.2677110590125
5384000000.0,-57.06988424620178,-52.64195113365764,-66.34482696333676,-66.90603186638522,-65.19101455718477
5386000000.0,-57.0731102033932,-52.58646923551832,-66.40799412753678,-66.97231734645518,-65.09076035717959
5388000000.0,-57.07633496290234,-52.535693945517494,-66.50739452490524,-67.05927584637152,-64.96694845899695
5390000000.0,-57.079558525618154,-52.48956979926349,-66.60679492227368,-67.14623434628786,-64.84313656081432
5392000000.0,-57.082780892428644,-52.44804665216834,-66.90355778919805,-67.32559862977809,-64.6888907655507
5394000000.0,-57.08600206422082,-52.4110794790723,-67.20032065612241,-67.50496291326832,-64.53464497028708
5396000000.0,-57.0892220418807,-52.37862819666225,-67.65277248530832,-67.73829189416692,-64.3727632894959
5398000000.0,-57.09244082629333,-52.350657507248485,-68.26091327675573,-68.02558557247389,-64.20324572317713
5400000000.0,-57.09565841834275,-52.3271367626571,-68.86905406820316,-68.31287925078085,-64.03372815685839
5402000000.0,-57.098874818912016,-52.3080398471653,-69.93728053005653,-68.66332207502967,-63.86067672824748
5404000000.0,-57.10209002888323,-52.29334507856975,-71.0055069919099,-69.01376489927848,-63.68762529963657
5406000000.0,-57.10530404913751,-52.28303512662427,-72.2545761776757,-69.31111020234324,-63.516784092468555
5408000000.0,-57.10851688055496,-52.277096948224,-73.68448808735394,-69.55535798422392,-63.34815310674342
5410000000.0,-57.11172852401476,-52.275521738843494,-75.11439999703218,-69.7996057661046,-63.17952212101828
5412000000.0,-57.11493898039508,-52.278304899862064,-74.55929113098433,-69.65750631985115,-63.01997731749616
5414000000.0,-57.11814825057313,-52.28544602153063,-74.00418226493647,-69.5154068735977,-62.86043251397405
5416000000.0,-57.121356335425126,-52.296948881452195,-72.72580073604892,-69.1465866886841,-62.706519068186736
5418000000.0,-57.12456323582636,-52.31282145856454,-70.72414654432166,-68.55104576511035,-62.55823698013422
5420000000.0,-57.12776895265111,-52.33307596273011,-68.72249235259439,-67.9555048415366,-62.40995489208171
5422000000.0,-57.13097348677272,-52.35772888015526,-67.17406087322124,-67.15865316156864,-62.27343724039124
5424000000.0,-57.134176839063514,-52.38680103498233,-65.62562939384809,-66.36180148160068,-62.13691958870076
5426000000.0,-57.13737901039492,-52.42031766752068,-64.28417439891072,-65.574279695311,-62.006055071902466
5428000000.0,-57.14058000163736,-52.458308529714614,-63.14969588840912,-64.79608780269959,-61.88084368999635
5430000000.0,-57.14377981366031,-52.50080799858292,-62.01521737790752,-64.01789591008819,-61.75563230809022
5432000000.0,-57.14697844733227,-52.54785520851054,-61.15941711358382,-63.34040478244154,-61.64088627655783
5434000000.0,-57.15017590352082,-52.59949420343194,-60.30361684926012,-62.66291365479489,-61.52614024502544
5436000000.0,-57.15337218309251,-52.65577411011521,-59.54766432346657,-62.04307240094427,-61.416226339573335
5438000000.0,-57.156567286913,-52.716749333941735,-58.89155953620317,-61.48088102088967,-61.31114456020151
5440000000.0,-57.15976121584697,-52.78247977878166,-58.235454748939766,-60.91868964083507,-61.2060627808297
5442000000.0,-57.16295397075815,-52.85303109278921,-57.733201823016074,-60.46568720863291,-61.11014120446033
5444000000.0,-57.16614555250931,-52.92847494219054,-57.23094889709238,-60.012684776430746,-61.014219628090956
5446000000.0,-57.16933596196229,-53.008889315414095,-56.79153280236793,-59.60907561890122,-60.92282068859893
5448000000.0,-57.172525199977954,-53.09435886022422,-56.41495353884272,-59.25485973604434,-60.835944385984256
5450000000.0,-57.175713267416214,-53.184975256858486,-56.0383742753175,-58.900643853187454,-60.74906808336958
5452000000.0,-57.178900165136085,-53.28083763056174,-55.769190435092206,-58.63513480461378,-60.67145796627337
5454000000.0,-57.18208589399559,-53.382053007341995,-55.50000659486692,-58.369625756040094,-60.593847849177166
5456000000.0,-57.185270454851825,-53.48873681726253,-55.278287599730746,-58.1440217866916,-60.521070437095
5458000000.0,-57.188453848560926,-53.6010134501337,-55.104033449683705,-57.95832289656829,-60.45312573002687
5460000000.0,-57.191636075978124,-53.71901686909376,-54.929779299636664,-57.772624006444985,-60.38518102295875
5462000000.0,-57.19481713795766,-53.84289128826136,-54.841392877887394,-57.658722667083254,-60.32727233208129
5464000000.0,-57.1979970353529,-53.97279192143682,-54.753006456138124,-57.54482132772153,-60.269363641203846
5466000000.0,-57.20117576901621,-54.10888580971715,-54.70387295520641,-57.46290539409273,-60.21654398206107
5468000000.0,-57.20435333979907,-54.251352736889515,-54.69399237509223,-57.41297486619687,-60.16881335465297
5470000000.0,-57.20752974855199,-54.400386242589114,-54.68411179497806,-57.36304433830101,-60.12108272724487
5472000000.0,-57.210704996124576,-54.55619474446748,-54.74551309314075,-57.368544930539514,-60.08329811842991
5474000000.0,-57.21387908336547,-54.71900278200951,-54.806914391303444,-57.374045522778026,-60.045513509614956
5476000000.0,-57.217052011122426,-54.889052396181896,-54.89949512340335,-57.40212169585388,-60.012369692267875
5478000000.0,-57.22022378024222,-55.0666046607817,-55.02325528944047,-57.452773449767086,-59.983866666388664
5480000000.0,-57.22339439157076,-55.251941383178846,-55.147015455477586,-57.503425203680294,-59.95536364050946
5482000000.0,-57.22656384595297,-55.44536699404952,-55.32008807421309,-57.58621286870841,-59.93509076776928
5484000000.0,-57.22973214423288,-55.64721064766803,-55.49316069294859,-57.66900053373652,-59.914817895029095
5486000000.0,-57.23289928725358,-55.85782855621048,-55.680823791638886,-57.75971639818538,-59.89801498444588
5488000000.0,-57.236065275857285,-56.07760658317886,-55.88307737028398,-57.85836046205499,-59.884682036019626
5490000000.0,-57.23923011088522,-56.30696312219158,-56.08533094892907,-57.957004525924596,-59.87134908759337
5492000000.0,-57.242393793177726,-56.54635228758754,-56.287250473779615,-58.05270190644108,-59.86365792713963
5494000000.0,-57.245556323574235,-56.79626744184091,-56.48916999863016,-58.148399286957556,-59.855966766685874
5496000000.0,-57.248717702913254,-57.057245080691516,-56.672347803758456,-58.233393697944194,-59.85058012686258
5498000000.0,-57.251877932032365,-57.329869088497965,-56.83678388916449,-58.307685139400995,-59.84749800766975
5500000000.0,-57.25503701176825,-57.61477536118583,-57.001219974570525,-58.381976580857796,-59.84441588847691
5502000000.0,-57.25819494295667,-57.91265676848382,-57.001219974570525,-58.381976580857796,-59.84441588847691
5504000000.0,-57.26135172643247,-58.22426838508147,-57.001219974570525,-58.381976580857796,-59.84441588847691
5506000000.0,-57.264507363029594,-58.55043285289238,-57.001219974570525,-58.381976580857796,-59.84441588847691
5508000000.0,-57.267661853581096,-58.89204562983434,-57.001219974570525,-58.381976580857796,-59.84441588847691
5510000000.0,-57.270815198919074,-59.250079712769164,-57.001219974570525,-58.381976580857796,-59.84441588847691
5512000000.0,-57.27396739987476,-59.62558915968263,-57.001219974570525,-58.381976580857796,-59.84441588847691
5514000000.0,-57.27711845727847,-60.01971032581709,-57.001219974570525,-58.381976580857796,-59.84441588847691
5516000000.0,-57.280268371959615,-60.43365908720812,-57.001219974570525,-58.381976580857796,-59.84441588847691
5518000000.0,-57.28341714474671,-60.86872132203207,-57.001219974570525,-58.381976580857796,-59.84441588847691
5520000000.0,-57.28656477646736,-61.32623235008715,-57.001219974570525,-58.381976580857796,-59.84441588847691
5522000000.0,-57.289711267948256,-61.807538573541486,-57.001219974570525,-58.381976580857796,-59.84441588847691
5524000000.0,-57.29285662001524,-62.31393072656295,-57.001219974570525,-58.381976580857796,-59.84441588847691
5526000000.0,-57.296000833493224,-62.846532196594026,-57.001219974570525,-58.381976580857796,-59.84441588847691
5528000000.0,-57.29914390920621,-63.40611680442299,-57.001219974570525,-58.381976580857796,-59.84441588847691
5530000000.0,-57.302285847977345,-63.99281698189413,-57.001219974570525,-58.381976580857796,-59.84441588847691
5532000000.0,-57.30542665062883,-64.60566449399072,-57.001219974570525,-58.381976580857796,-59.84441588847691
5534000000.0,-57.308566317982034,-65.24188269066948,-57.001219974570525,-58.381976580857796,-59.84441588847691
5536000000.0,-57.3117048508574,-65.89582923533285,-57.001219974570525,-58.381976580857796,-59.84441588847691
5538000000.0,-57.31484225007449,-66.55749590850354,-57.001219974570525,-58.381976580857796,-59.84441588847691
5540000000.0,-57.31797851645197,-67.21056845909101,-57.001219974570525,-58.381976580857796,-59.84441588847691
5542000000.0,-57.32111365080763,-67.83035185710068,-57.001219974570525,-58.381976580857796,-59.84441588847691
5544000000.0,-57.32424765395838,-68.38251357308322,-57.001219974570525,-58.381976580857796,-59.84441588847691
5546000000.0,-57.32738052672023,-68.82451375921866,-57.001219974570525,-58.381976580857796,-59.84441588847691
5548000000.0,-57.33051226990832,-69.11194743873443,-57.001219974570525,-58.381976580857796,-59.84441588847691
5550000000.0,-57.3336428843369,-69.21008453261476,-57.001219974570525,-58.381976580857796,-59.84441588847691
5552000000.0,-57.33677237081935,-69.10614215609054,-57.001219974570525,-58.381976580857796,-59.84441588847691
5554000000.0,-57.339900730168154,-68.81448274065959,-57.001219974570525,-58.381976580857796,-59.84441588847691
5556000000.0,-57.343027963194935,-68.37079858286309,-57.001219974570525,-58.381976580857796,-59.84441588847691
5558000000.0,-57.34615407071043,-67.81966791446911,-57.001219974570525,-58.381976580857796,-59.84441588847691
5560000000.0,-57.349279053524526,-67.20325692212788,-57.001219974570525,-58.381976580857796,-59.84441588847691
5562000000.0,-57.35240291244619,-66.55531803016935,-57.001219974570525,-58.381976580857796,-59.84441588847691
5564000000.0,-57.355525648283546,-65.89998887530099,-57.001219974570525,-58.381976580857796,-59.84441588847691
5566000000.0,-57.358647261843856,-65.25314226605597,-57.001219974570525,-58.381976580857796,-59.84441588847691
5568000000.0,-57.36176775393349,-64.62447142474713,-57.001219974570525,-58.381976580857796,-59.84441588847691
5570000000.0,-57.36488712535795,-64.0194077481391,-57.001219974570525,-58.381976580857796,-59.84441588847691
5572000000.0,-57.36800537692189,-63.44059265558172,-57.001219974570525,-58.381976580857796,-59.84441588847691
5574000000.0,-57.37112250942908,-62.88891075737688,-57.001219974570525,-58.381976580857796,-59.84441588847691
5576000000.0,-57.374238523682436,-62.364179865180496,-57.001219974570525,-58.381976580857796,-59.84441588847691
5578000000.0,-57.37735342048399,-61.86559809682011,-57.001219974570525,-58.381976580857796,-59.84441588847691
5580000000.0,-57.380467200634946,-61.39202765048076,-57.001219974570525,-58.381976580857796,-59.84441588847691
5582000000.0,-57.38357986493562,-60.9421718141872,-57.001219974570525,-58.381976580857796,-59.84441588847691
5584000000.0,-57.38669141418547,-60.514683313074556,-57.001219974570525,-58.381976580857796,-59.84441588847691
5586000000.0,-57.3898018491831,-60.10822894774671,-57.001219974570525,-58.381976580857796,-59.84441588847691
5588000000.0,-57.39291117072626,-59.72152662462267,-57.001219974570525,-58.381976580857796,-59.84441588847691
5590000000.0,-57.396019379611836,-59.35336508778455,-57.001219974570525,-58.381976580857796,-59.84441588847691
5592000000.0,-57.39912647663587,-59.00261292756242,-57.001219974570525,-58.381976580857796,-59.84441588847691
5594000000.0,-57.402232462593545,-58.668221049434656,-57.001219974570525,-58.381976580857796,-59.84441588847691
5596000000.0,-57.405337338279175,-58.3492212586557,-57.001219974570525,-58.381976580857796,-59.84441588847691
5598000000.0,-57.40844110448624,-58.04472263977206,-57.001219974570525,-58.381976580857796,-59.84441588847691
5600000000.0,-57.41154376200738,-57.753906785978224,-57.001219974570525,-58.381976580857796,-59.84441588847691
5602000000.0,-57.41464531163436,-57.476022533841025,-57.001219974570525,-58.381976580857796,-59.84441588847691
5604000000.0,-57.41774575415811,-57.210380603327664,-57.001219974570525,-58.381976580857796,-59.84441588847691
5606000000.0,-57.42084509036872,-56.9563483798197,-57.001219974570525,-58.381976580857796,-59.84441588847691
5608000000.0,-57.42394332105542,-56.71334497089848,-57.001219974570525,-58.381976580857796,-59.84441588847691
5610000000.0,-57.4270404470066,-56.4808366051227,-57.001219974570525,-58.381976580857796,-59.84441588847691
5612000000.0,-57.430136469009824,-56.25833239916304,-57.001219974570525,-58.381976580857796,-59.84441588847691
5614000000.0,-57.433231387851784,-56.04538049474807,-57.001219974570525,-58.381976580857796,-59.84441588847691
5616000000.0,-57.43632520431835,-55.84156455224595,-57.001219974570525,-58.381976580857796,-59.84441588847691
5618000000.0,-57.439417919194554,-55.646500579634946,-57.001219974570525,-58.381976580857796,-59.84441588847691
5620000000.0,-57.4425095332646,-55.45983407170489,-57.001219974570525,-58.381976580857796,-59.84441588847691
5622000000.0,-57.445600047311814,-55.281237433026845,-57.001219974570525,-58.381976580857796,-59.84441588847691
5624000000.0,-57.44868946211873,-55.11040765848182,-57.001219974570525,-58.381976580857796,-59.84441588847691
5626000000.0,-57.45177777846702,-54.947064246337746,-57.001219974570525,-58.381976580857796,-59.84441588847691
5628000000.0,-57.454864997137534,-54.79094732052556,-57.001219974570525,-58.381976580857796,-59.84441588847691
5630000000.0,-57.4579511189103,-54.64181594066672,-57.001219974570525,-58.381976580857796,-59.84441588847691
5632000000.0,-57.46103614456449,-54.4994465803721,-57.001219974570525,-58.381976580857796,-59.84441588847691
5634000000.0,-57.464120074878466,-54.36363175623238,-57.001219974570525,-58.381976580857796,-59.84441588847691
5636000000.0,-57.46720291062975,-54.23417879173515,-57.001219974570525,-58.381976580857796,-59.84441588847691
5638000000.0,-57.47028465259505,-54.11090870202759,-57.001219974570525,-58.381976580857796,-59.84441588847691
5640000000.0,-57.47336530155022,-53.99365518696879,-57.001219974570525,-58.381976580857796,-59.84441588847691
5642000000.0,-57.47644485827032,-53.88226372131061,-57.001219974570525,-58.381976580857796,-59.84441588847691
5644000000.0,-57.479523323529584,-53.77659073209101,-57.001219974570525,-58.381976580857796,-59.84441588847691
5646000000.0,-57.48260069810138,-53.67650285443901,-57.001219974570525,-58.381976580857796,-59.84441588847691
5648000000.0,-57.48567698275832,-53.58187625798,-57.001219974570525,-58.381976580857796,-59.84441588847691
5650000000.0,-57.48875217827215,-53.492596036921626,-57.001219974570525,-58.381976580857796,-59.84441588847691
5652000000.0,-57.491826285413794,-53.40855565767531,-57.001219974570525,-58.381976580857796,-59.84441588847691
5654000000.0,-57.49489930495339,-53.32965645856775,-57.001219974570525,-58.381976580857796,-59.84441588847691
5656000000.0,-57.49797123766023,-53.25580719681258,-57.001219974570525,-58.381976580857796,-59.84441588847691
5658000000.0,-57.50104208430281,-53.186923638460215,-57.001219974570525,-58.381976580857796,-59.84441588847691
5660000000.0,-57.50411184564881,-53.122928187526,-57.001219974570525,-58.381976580857796,-59.84441588847691
5662000000.0,-57.507180522465056,-53.06374955093205,-57.001219974570525,-58.381976580857796,-59.84441588847691
5664000000.0,-57.510248115517626,-53.009322436281245,-57.001219974570525,-58.381976580857796,-59.84441588847691
5666000000.0,-57.513314625571745,-52.95958727982259,-57.001219974570525,-58.381976580857796,-59.84441588847691
5668000000.0,-57.51638005339183,-52.9144900022778,-57.001219974570525,-58.381976580857796,-59.84441588847691
5670000000.0,-57.5194443997415,-52.87398179046964,-57.001219974570525,-58.381976580857796,-59.84441588847691
5672000000.0,-57.52250766538357,-52.83801890294303,-57.001219974570525,-58.381976580857796,-59.84441588847691
5674000000.0,-57.52556985108004,-52.80656249799229,-57.001219974570525,-58.381976580857796,-59.84441588847691
5676000000.0,-57.5286309575921,-52.77957848271114,-57.001219974570525,-58.381976580857796,-59.84441588847691
5678000000.0,-57.53169098568014,-52.757037381865445,-57.001219974570525,-58.381976580857796,-59.84441588847691
5680000000.0,-57.53474993610375,-52.73891422556198,-57.001219974570525,-58.381976580857796,-59.84441588847691
5682000000.0,-57.53780780962171,-52.725188454839284,-57.001219974570525,-58.381976580857796,-59.84441588847691
5684000000.0,-57.54086460699202,-52.71584384445557,-57.001219974570525,-58.381976580857796,-59.84441588847691
5686000000.0,-57.543920328971836,-52.71086844228388,-57.001219974570525,-58.381976580857796,-59.84441588847691
5688000000.0,-57.54697497631757,-52.710254524855216,-57.001219974570525,-58.381976580857796,-59.84441588847691
5690000000.0,-57.55002854978479,-52.713998568714466,-57.001219974570525,-58.381976580857796,-59.84441588847691
5692000000.0,-57.553081050128306,-52.722101237373344,-57.001219974570525,-58.381976580857796,-59.84441588847691
5694000000.0,-57.5561324781021,-52.73456738376296,-57.001219974570525,-58.381976580857796,-59.84441588847691
5696000000.0,-57.55918283445937,-52.75140606820399,-57.001219974570525,-58.381976580857796,-59.84441588847691
5698000000.0,-57.56223211995254,-52.77263059202969,-57.001219974570525,-58.381976580857796,-59.84441588847691
5700000000.0,-57.565280335333206,-52.79825854711437,-57.001219974570525,-58.381976580857796,-59.84441588847691
5702000000.0,-57.5683274813522,-52.828311881681785,-57.001219974570525,-58.381976580857796,-59.84441588847691
5704000000.0,-57.571373558759554,-52.862816982893264,-57.001219974570525,-58.381976580857796,-59.84441588847691
5706000000.0,-57.57441856830453,-52.90180477684724,-57.001219974570525,-58.381976580857796,-59.84441588847691
5708000000.0,-57.57746251073556,-52.945310846761025,-57.001219974570525,-58.381976580857796,-59.84441588847691
5710000000.0,-57.58050538680034,-52.993375570256745,-57.001219974570525,-58.381976580857796,-59.84441588847691
5712000000.0,-57.58354719724573,-53.04604427683066,-57.001219974570525,-58.381976580857796,-59.84441588847691
5714000000.0,-57.58658794281786,-53.10336742676236,-57.001219974570525,-58.381976580857796,-59.84441588847691
5716000000.0,-57.58962762426202,-53.16540081290989,-57.001219974570525,-58.381976580857796,-59.84441588847691
5718000000.0,-57.59266624232278,-53.232205787045224,-57.001219974570525,-58.381976580857796,-59.84441588847691
5720000000.0,-57.59570379774385,-53.303849512615294,-57.001219974570525,-58.381976580857796,-59.84441588847691
5722000000.0,-57.59874029126826,-53.380405246071476,-57.001219974570525,-58.381976580857796,-59.84441588847691
5724000000.0,-57.60177572363815,-53.46195264919128,-57.001219974570525,-58.381976580857796,-59.84441588847691
5726000000.0,-57.60481009559497,-53.54857813513757,-57.001219974570525,-58.381976580857796,-59.84441588847691
5728000000.0,-57.60784340787936,-53.64037525135333,-57.001219974570525,-58.381976580857796,-59.84441588847691
5730000000.0,-57.61087566123117,-53.73744510278904,-57.001219974570525,-58.381976580857796,-59.84441588847691
5732000000.0,-57.61390685638951,-53.839896819407144,-57.001219974570525,-58.381976580857796,-59.84441588847691
5734000000.0,-57.61693699409268,-53.94784807241632,-57.001219974570525,-58.381976580857796,-59.84441588847691
5736000000.0,-57.619966075078246,-54.06142564424778,-57.001219974570525,-58.381976580857796,-59.84441588847691
5738000000.0,-57.62299410008296,-54.18076605793489,-57.001219974570525,-58.381976580857796,-59.84441588847691
5740000000.0,-57.62602106984285,-54.30601627227244,-57.001219974570525,-58.381976580857796,-59.84441588847691
5742000000.0,-57.62904698509311,-54.43733444995328,-57.001219974570525,-58.381976580857796,-59.84441588847691
5744000000.0,-57.63207184656825,-54.5748908067867,-57.001219974570525,-58.381976580857796,-59.84441588847691
5746000000.0,-57.63509565500195,-54.718868551142236,-57.001219974570525,-58.381976580857796,-59.84441588847691
5748000000.0,-57.63811841112713,-54.86946492391521,-57.001219974570525,-58.381976580857796,-59.84441588847691
5750000000.0,-57.64114011567599,-55.02689235060047,-57.001219974570525,-58.381976580857796,-59.84441588847691
5752000000.0,-57.6441607693799,-55.19137971849364,-57.001219974570525,-58.381976580857796,-59.84441588847691
5754000000.0,-57.647180372969515,-55.36317379362462,-57.001219974570525,-58.381976580857796,-59.84441588847691
5756000000.0,-57.65019892717473,-55.5425407937455,-57.001219974570525,-58.381976580857796,-59.84441588847691
5758000000.0,-57.65321643272464,-55.72976813554185,-57.001219974570525,-58.381976580857796,-59.84441588847691
5760000000.0,-57.65623289034761,-55.925166376178296,-57.001219974570525,-58.381976580857796,-59.84441588847691
5762000000.0,-57.65924830077125,-56.12907137122904,-57.001219974570525,-58.381976580857796,-59.84441588847691
5764000000.0,-57.662262664722405,-56.3418466729092,-57.001219974570525,-58.381976580857796,-59.84441588847691
5766000000.0,-57.66527598292715,-56.563886194063144,-57.001219974570525,-58.381976580857796,-59.84441588847691
5768000000.0,-57.66828825611083,-56.79561716432154,-57.001219974570525,-58.381976580857796,-59.84441588847691
5770000000.0,-57.671299484998,-57.037503404685154,-57.001219974570525,-58.381976580857796,-59.84441588847691
5772000000.0,-57.67430967031251,-57.290048944795295,-57.001219974570525,-58.381976580857796,-59.84441588847691
5774000000.0,-57.67731881277741,-57.55380200211569,-57.001219974570525,-58.381976580857796,-59.84441588847691
5776000000.0,-57.68032691311503,-57.82935933242504,-57.001219974570525,-58.381976580857796,-59.84441588847691
5778000000.0,-57.68333397204693,-58.117370943594466,-57.001219974570525,-58.381976580857796,-59.84441588847691
5780000000.0,-57.68633999029396,-58.418545135407456,-57.001219974570525,-58.381976580857796,-59.84441588847691
5782000000.0,-57.68934496857615,-58.73365378063073,-57.001219974570525,-58.381976580857796,-59.84441588847691
5784000000.0,-57.69234890761286,-59.06353768657983,-57.001219974570525,-58.381976580857796,-59.84441588847691
5786000000.0,-57.69535180812266,-59.40911175648354,-57.001219974570525,-58.381976580857796,-59.84441588847691
5788000000.0,-57.69835367082337,-59.77136948170877,-57.001219974570525,-58.381976580857796,-59.84441588847691
5790000000.0,-57.701354496432096,-60.15138600146945,-57.001219974570525,-58.381976580857796,-59.84441588847691
5792000000.0,-57.70435428566518,-60.55031850655651,-57.001219974570525,-58.381976580857796,-59.84441588847691
5794000000.0,-57.70735303923823,-60.969402044498096,-57.001219974570525,-58.381976580857796,-59.84441588847691
5796000000.0,-57.71035075786611,-61.40993765848518,-57.001219974570525,-58.381976580857796,-59.84441588847691
5798000000.0,-57.71334744226294,-61.873268031128646,-57.001219974570525,-58.381976580857796,-59.84441588847691
5800000000.0,-57.71634309314212,-62.36073304884491,-57.001219974570525,-58.381976580857796,-59.84441588847691
5802000000.0,-57.719337711216276,-62.87359340718603,-57.001219974570525,-58.381976580857796,-59.84441588847691
5804000000.0,-57.722331297197336,-63.41290373942313,-57.001219974570525,-58.381976580857796,-59.84441588847691
5806000000.0,-57.725323851796475,-63.97930667595742,-57.001219974570525,-58.381976580857796,-59.84441588847691
5808000000.0,-57.72831537572412,-64.57270448320561,-57.001219974570525,-58.381976580857796,-59.84441588847691
5810000000.0,-57.73130586968999,-65.19174477979148,-57.001219974570525,-58.381976580857796,-59.84441588847691
5812000000.0,-57.73429533440306,-65.83303332072612,-57.001219974570525,-58.381976580857796,-59.84441588847691
5814000000.0,-57.73728377057155,-66.48997051480896,-57.001219974570525,-58.381976580857796,-59.84441588847691
5816000000.0,-57.740271178903,-67.15113091688981,-57.001219974570525,-58.381976580857796,-59.84441588847691
5818000000.0,-57.74325756010418,-67.79824059506134,-57.001219974570525,-58.381976580857796,-59.84441588847691
5820000000.0,-57.74624291488114,-68.4041868223284,-57.001219974570525,-58.381976580857796,-59.84441588847691
5822000000.0,-57.74922724393921,-68.93223683421293,-57.001219974570525,-58.381976580857796,-59.84441588847691
5824000000.0,-57.752210547983,-69.3385375268619,-57.001219974570525,-58.381976580857796,-59.84441588847691
5826000000.0,-57.75519282771634,-69.57991541239424,-57.001219974570525,-58.381976580857796,-59.84441588847691
5828000000.0,-57.75817408384243,-69.62624333494526,-57.001219974570525,-58.381976580857796,-59.84441588847691
5830000000.0,-57.76115431706366,-69.47163738029036,-57.001219974570525,-58.381976580857796,-59.84441588847691
5832000000.0,-57.764133528081736,-69.13687935512392,-57.001219974570525,-58.381976580857796,-59.84441588847691
5834000000.0,-57.76711171759765,-68.66120222914434,-57.001219974570525,-58.381976580857796,-59.84441588847691
5836000000.0,-57.770088886311655,-68.08945798296784,-57.001219974570525,-58.381976580857796,-59.84441588847691
5838000000.0,-57.77306503492328,-67.4620014313908,-57.001219974570525,-58.381976580857796,-59.84441588847691
5840000000.0,-57.77604016413136,-66.81009234173577,-57.001219974570525,-58.381976580857796,-59.84441588847691
5842000000.0,-57.77901427463399,-66.15556763631294,-57.001219974570525,-58.381976580857796,-59.84441588847691
5844000000.0,-57.78198736712856,-65.51251473764685,-57.001219974570525,-58.381976580857796,-59.84441588847691
5846000000.0,-57.78495944231173,-64.88936799395844,-57.001219974570525,-58.381976580857796,-59.84441588847691
5848000000.0,-57.787930500879455,-64.29072233467696,-57.001219974570525,-58.381976580857796,-59.84441588847691
5850000000.0,-57.79090054352699,-63.71868610878469,-57.001219974570525,-58.381976580857796,-59.84441588847691
5852000000.0,-57.79386957094884,-63.1738161615332,-57.001219974570525,-58.381976580857796,-59.84441588847691
5854000000.0,-57.79683758383884,-62.65573667472114,-57.001219974570525,-58.381976580857796,-59.84441588847691
5856000000.0,-57.799804582890076,-62.163537789483996,-57.001219974570525,-58.381976580857796,-59.84441588847691
5858000000.0,-57.802770568794976,-61.696027459057206,-57.001219974570525,-58.381976580857796,-59.84441588847691
5860000000.0,-57.80573554224519,-61.251887841648795,-57.001219974570525,-58.381976580857796,-59.84441588847691
5862000000.0,-57.80869950393171,-60.82977048646499,-57.001219974570525,-58.381976580857796,-59.84441588847691
5864000000.0,-57.8116624545448,-60.42835263871097,-57.001219974570525,-58.381976580857796,-59.84441588847691
5866000000.0,-57.81462439477404,-60.04636903350736,-57.001219974570525,-58.381976580857796,-59.84441588847691
5868000000.0,-57.81758532530827,-59.68262836830508,-57.001219974570525,-58.381976580857796,-59.84441588847691
5870000000.0,-57.820545246835664,-59.33602031077649,-57.001219974570525,-58.381976580857796,-59.84441588847691
5872000000.0,-57.823504160043655,-59.00551676663818,-57.001219974570525,-58.381976580857796,-59.84441588847691
5874000000.0,-57.826462065619005,-58.69016976961177,-57.001219974570525,-58.381976580857796,-59.84441588847691
5876000000.0,-57.82941896424775,-58.38910748526689,-57.001219974570525,-58.381976580857796,-59.84441588847691
5878000000.0,-57.832374856615246,-58.101529263804395,-57.001219974570525,-58.381976580857796,-59.84441588847691
5880000000.0,-57.83532974340615,-57.826700320575384,-57.001219974570525,-58.381976580857796,-59.84441588847691
5882000000.0,-57.838283625304385,-57.56394639522738,-57.001219974570525,-58.381976580857796,-59.84441588847691
5884000000.0,-57.84123650299322,-57.31264859488175,-57.001219974570525,-58.381976580857796,-59.84441588847691
5886000000.0,-57.84418837715521,-57.07223853434744,-57.001219974570525,-58.381976580857796,-59.84441588847691
5888000000.0,-57.84713924847222,-56.84219382817392,-57.001219974570525,-58.381976580857796,-59.84441588847691
5890000000.0,-57.8500891176254,-56.62203395329235,-57.001219974570525,-58.381976580857796,-59.84441588847691
5892000000.0,-57.853037985295245,-56.41131647914569,-57.001219974570525,-58.381976580857796,-59.84441588847691
5894000000.0,-57.8559858521615,-56.20963364956129,-57.001219974570525,-58.381976580857796,-59.84441588847691
5896000000.0,-57.858932718903276,-56.01660929379433,-57.001219974570525,-58.381976580857796,-59.84441588847691
5898000000.0,-57.86187858619896,-55.8318960410555,-57.001219974570525,-58.381976580857796,-59.84441588847691
5900000000.0,-57.86482345472626,-55.655172812005475,-57.001219974570525,-58.381976580857796,-59.84441588847691
5902000000.0,-57.86776732516219,-55.48614256125569,-57.001219974570525,-58.381976580857796,-59.84441588847691
5904000000.0,-57.870710198183076,-55.3245302462529,-57.001219974570525,-58.381976580857796,-59.84441588847691
5906000000.0,-57.873652074464566,-55.170080999669146,-57.001219974570525,-58.381976580857796,-59.84441588847691
5908000000.0,-57.876592954681605,-55.02255848436792,-57.001219974570525,-58.381976580857796,-59.84441588847691
5910000000.0,-57.879532839508485,-54.8817434119458,-57.001219974570525,-58.381976580857796,-59.84441588847691
5912000000.0,-57.88247172961876,-54.74743220775756,-57.001219974570525,-58.381976580857796,-59.84441588847691
5914000000.0,-57.885409625685355,-54.619435807103045,-57.001219974570525,-58.381976580857796,-59.84441588847691
5916000000.0,-57.888346528380474,-54.49757856889423,-57.001219974570525,-58.381976580857796,-59.84441588847691
5918000000.0,-57.89128243837566,-54.381697294627344,-57.001219974570525,-58.381976580857796,-59.84441588847691
5920000000.0,-57.89421735634177,-54.27164034182546,-57.001219974570525,-58.381976580857796,-59.84441588847691
5922000000.0,-57.89715128294898,-54.16726682233433,-57.001219974570525,-58.381976580857796,-59.84441588847691
5924000000.0,-57.900084218866795,-54.06844587693647,-57.001219974570525,-58.381976580857796,-59.84441588847691
5926000000.0,-57.90301616476402,-53.975056018713744,-57.001219974570525,-58.381976580857796,-59.84441588847691
5928000000.0,-57.90594712130881,-53.88698453843929,-57.001219974570525,-58.381976580857796,-59.84441588847691
5930000000.0,-57.90887708916863,-53.804126966050056,-57.001219974570525,-58.381976580857796,-59.84441588847691
5932000000.0,-57.91180606901026,-53.72638658291163,-57.001219974570525,-58.381976580857796,-59.84441588847691
5934000000.0,-57.914734061499836,-53.65367398019676,-57.001219974570525,-58.381976580857796,-59.84441588847691
5936000000.0,-57.91766106730279,-53.58590665922479,-57.001219974570525,-58.381976580857796,-59.84441588847691
5938000000.0,-57.92058708708389,-53.523008670075505,-57.001219974570525,-58.381976580857796,-59.84441588847691
5940000000.0,-57.923512121507244,-53.46491028521789,-57.001219974570525,-58.381976580857796,-59.84441588847691
5942000000.0,-57.926436171236276,-53.411547705264056,-57.001219974570525,-58.381976580857796,-59.84441588847691
5944000000.0,-57.92935923693375,-53.36286279428654,-57.001219974570525,-58.381976580857796,-59.84441588847691
5946000000.0,-57.93228131926175,-53.31880284244597,-57.001219974570525,-58.381976580857796,-59.84441588847691
5948000000.0,-57.93520241888171,-53.279320353932945,-57.001219974570525,-58.381976580857796,-59.84441588847691
5950000000.0,-57.93812253645436,-53.244372858475124,-57.001219974570525,-58.381976580857796,-59.84441588847691
5952000000.0,-57.94104167263982,-53.213922744877664,-57.001219974570525,-58.381976580857796,-59.84441588847691
5954000000.0,-57.94395982809749,-53.187937115261484,-57.001219974570525,-58.381976580857796,-59.84441588847691
5956000000.0,-57.946877003486144,-53.16638765884512,-57.001219974570525,-58.381976580857796,-59.84441588847691
5958000000.0,-57.94979319946387,-53.14925054428389,-57.001219974570525,-58.381976580857796,-59.84441588847691
5960000000.0,-57.952708416688104,-53.13650632973221,-57.001219974570525,-58.381976580857796,-59.84441588847691
5962000000.0,-57.95562265581562,-53.12813988993792,-57.001219974570525,-58.381976580857796,-59.84441588847691
5964000000.0,-57.958535917502516,-53.12414035981455,-57.001219974570525,-58.381976580857796,-59.84441588847691
5966000000.0,-57.96144820240425,-53.12450109406364,-57.001219974570525,-58.381976580857796,-59.84441588847691
5968000000.0,-57.96435951117562,-53.1292196425429,-57.001219974570525,-58.381976580857796,-59.84441588847691
5970000000.0,-57.967269844470756,-53.138297741195295,-57.001219974570525,-58.381976580857796,-59.84441588847691
5972000000.0,-57.97017920294313,-53.15174131847086,-57.001219974570525,-58.381976580857796,-59.84441588847691
5974000000.0,-57.97308758724556,-53.16956051728974,-57.001219974570525,-58.381976580857796,-59.84441588847691
5976000000.0,-57.97599499803022,-53.191769732710796,-57.001219974570525,-58.381976580857796,-59.84441588847691
5978000000.0,-57.978901435948615,-53.2183876655901,-57.001219974570525,-58.381976580857796,-59.84441588847691
5980000000.0,-57.981806901651595,-53.24943739263469,-57.001219974570525,-58.381976580857796,-59.84441588847691
5982000000.0,-57.98471139578936,-53.284946453384954,-57.001219974570525,-58.381976580857796,-59.84441588847691
5984000000.0,-57.98761491901147,-53.324946954792225,-57.001219974570525,-58.381976580857796,-59.84441588847691
5986000000.0,-57.990517471966825,-53.36947569419923,-57.001219974570525,-58.381976580857796,-59.84441588847691
5988000000.0,-57.993419055303676,-53.418574301685666,-57.001219974570525,-58.381976580857796,-59.84441588847691
5990000000.0,-57.9963196696696,-53.472289402902,-57.001219974570525,-58.381976580857796,-59.84441588847691
5992000000.0,-57.99921931571157,-53.53067280369301,-57.001219974570525,-58.381976580857796,-59.84441588847691
5994000000.0,-58.00211799407589,-53.59378169801144,-57.001219974570525,-58.381976580857796,-59.84441588847691
5996000000.0,-58.00501570540821,-53.66167890083152,-57.001219974570525,-58.381976580857796,-59.84441588847691
5998000000.0,-58.007912450353544,-53.73443310800973,-57.001219974570525,-58.381976580857796,-59.84441588847691
6000000000.0,-58.01080822955625,-53.81211918530792,-57.001219974570525,-58.381976580857796,-59.84441588847691
